date,MAIN_index,SPY_index
2007-10-09,100.0,100.0
2007-10-10,98.38929717684057,99.83380582993779
2007-10-11,100.0,99.35456009525586
2007-10-12,100.0,99.9041784474632
2007-10-15,100.53691921773203,99.06060385514458
2007-10-16,100.8053592444421,98.27454289014773
2007-10-17,100.60411734411136,98.57490792956115
2007-10-18,100.60411734411136,98.21703616142585
2007-10-19,100.53691921773203,95.64801135785487
2007-10-22,100.40267962222104,96.2039557261656
2007-10-23,98.59062523865752,96.98368377645915
2007-10-24,98.65772937068826,96.80470650079214
2007-10-25,98.65772937068826,97.03477480727899
2007-10-26,99.93289586796926,98.17226424810953
2007-10-29,97.7181618621847,98.49822309313214
2007-10-30,99.93289586796926,97.81441317577391
2007-10-31,97.31547440710128,98.83052865005783
2007-11-01,97.31547440710128,96.5171314655834
2007-11-02,98.25501841701768,96.62579821112406
2007-11-05,97.31547440710128,95.89086966854642
2007-11-06,99.32884118675697,97.18178397103416
2007-11-07,98.65772937068826,94.52324293523009
2007-11-08,98.65772937068826,94.04399720054816
2007-11-09,99.19463292269552,92.75308289806043
2007-11-12,97.31547440710128,91.83284416511248
2007-11-13,97.31547440710128,94.63192347797053
2007-11-14,98.41428400784069,94.36989395817172
2007-11-15,101.57336356818213,93.00865532835783
2007-11-16,99.58183480884878,93.16842690191812
2007-11-19,99.16968525600731,91.87121417772656
2007-11-20,98.48288421658648,92.43354664953975
2007-11-21,98.20830322576855,90.54190916682505
2007-11-23,99.51314060575442,92.10762229751661
2007-11-26,95.73586021473793,90.07540514614857
2007-11-27,97.10937613209339,91.11068493093984
2007-11-28,97.38411378015897,94.02479839704132
2007-11-29,98.2769191002391,94.05675961035328
2007-11-30,97.45281581611572,95.00259214891042
2007-12-03,96.49129279435407,94.37628206167417
2007-12-04,96.49129279435407,93.53271436795545
2007-12-05,96.62863420336852,95.09839990424743
2007-12-06,97.17807033518777,96.45965233126111
2007-12-07,98.00226761365973,96.44043973055449
2007-12-10,96.8346933140645,97.18815137873693
2007-12-11,96.8346933140645,94.52324293523009
2007-12-12,95.80452308638276,95.45629236818242
2007-12-13,95.46113039953472,95.2582059708072
2007-12-14,98.00226761365973,94.05033701385135
2007-12-17,95.52980893690433,92.70839376794282
2007-12-18,96.01054303276682,93.22598881943915
2007-12-19,96.55999483031083,93.22598881943915
2007-12-20,96.8346933140645,93.8139288940613
2007-12-21,96.8346933140645,95.16630282301055
2007-12-24,96.76603044241965,95.87296090321989
2007-12-26,95.11779254272336,96.07853918008071
2007-12-27,94.08762231504164,94.87073920912381
2007-12-28,93.40084477420795,94.6329996595541
2007-12-31,96.21661780918755,93.93279866884616
2008-01-02,96.8346933140645,93.11040277820415
2008-01-03,94.77442335446248,93.06543080549088
2008-01-04,94.4310071690273,90.7847605789167
2008-01-07,94.15633218386078,90.70768942089359
2008-01-08,94.77442335446248,89.24289590806097
2008-01-09,94.08762231504164,90.18085714413832
2008-01-10,93.40084477420795,90.77192228451274
2008-01-11,96.0792372358612,90.03951173089665
2008-01-14,93.81293949701274,90.76547899221113
2008-01-15,93.9502339088529,88.76745820052092
2008-01-16,94.77442335446248,88.00296915739466
2008-01-17,93.2634563680192,85.72225064062123
2008-01-18,92.64545135890371,84.84208587446135
2008-01-22,91.68392833714206,83.98121649220683
2008-01-23,91.13449220532281,85.99850507340282
2008-01-24,92.02734452257725,86.72445163891763
2008-01-25,94.4310071690273,85.47168659384735
2008-01-28,92.02734452257725,86.88509933466453
2008-01-29,91.82128541188128,87.31553057649185
2008-01-30,92.02734452257725,86.67308466410199
2008-01-31,92.02734452257725,88.25350560976896
2008-02-01,93.7442766253679,89.6733202512884
2008-02-04,93.7442766253679,88.54259833695453
2008-02-05,92.71402023619997,86.1719772663539
2008-02-06,92.71402023619997,85.47812988614896
2008-02-07,93.7442766253679,86.04346324891631
2008-02-08,93.53816268463525,85.49094058615334
2008-02-11,93.53816268463525,85.92783581608195
2008-02-12,92.78274577074387,86.72445163891763
2008-02-13,96.02348292142268,87.61105969737912
2008-02-14,94.75532683597399,86.84011356475146
2008-02-15,94.12131928901108,86.8208319780459
2008-02-19,91.9373527666649,87.06497342831786
2008-02-20,89.89427593999244,87.32196007159367
2008-02-21,89.82383500858677,86.59599281027918
2008-02-22,93.6986267034028,87.12921319053692
2008-02-25,93.34632805202587,88.22778762936169
2008-02-26,94.05087052474303,88.88950822985721
2008-02-27,92.64184824220777,88.79957118303055
2008-02-28,92.99409989641039,87.9322792042741
2008-02-29,92.99409989641039,85.97280778879522
2008-03-03,93.62817010627236,85.76722261333451
2008-03-04,94.05087052474303,85.43955981413792
2008-03-05,98.63008719934048,85.97922348669725
2008-03-06,97.22114324542903,84.1996399620715
2008-03-07,95.10756282445185,83.33234108471515
2008-03-10,91.58511677818704,82.2337390514908
2008-03-11,94.82586176172825,85.18899576736403
2008-03-12,96.23483704708921,84.39237994452836
2008-03-13,97.99603265520328,84.57865593888393
2008-03-14,95.45994763731497,83.26806682949662
2008-03-17,92.99409989641039,82.42645833814798
2008-03-18,96.86886025977688,85.85073016505935
2008-03-19,94.33262641750332,83.72423674753091
2008-03-20,90.24655892564459,85.27503510525021
2008-03-24,91.58511677818704,86.97949287702315
2008-03-25,91.58511677818704,87.06344193914124
2008-03-26,95.10756282445185,85.9981463462083
2008-03-27,93.4872569120115,85.72696928294918
2008-03-28,93.41683164633059,84.90700169947009
2008-03-31,96.37567191272625,85.20398642493512
2008-04-01,90.10565356424611,88.19972412499021
2008-04-02,93.55772134200431,88.25783793050282
2008-04-03,95.10756282445185,88.47738587215032
2008-04-04,93.55772134200431,88.38050193522973
2008-04-07,93.34632805202587,88.425736054739
2008-04-08,93.34632805202587,88.33531610591972
2008-04-09,93.34632805202587,87.69613323128004
2008-04-10,94.05087052474303,87.81883172900643
2008-04-11,90.17606316420225,86.11437395723351
2008-04-14,89.82383500858677,85.8238049296705
2008-04-15,87.49896312484212,86.02395400841422
2008-04-16,86.30134979801007,88.3547149688235
2008-04-17,85.45591762961918,88.48384296165172
2008-04-18,85.2446339997141,89.40707568695396
2008-04-21,86.30134979801007,89.45226841486387
2008-04-22,92.43052544799077,89.0584411440776
2008-04-23,93.20542269062739,88.9163851750468
2008-04-24,92.99409989641039,89.30375535633165
2008-04-25,94.96669662736528,90.13021452231162
2008-04-28,94.75532683597399,90.14953750061656
2008-04-29,92.28959658800514,89.7944596654386
2008-04-30,91.23285729112204,89.26503351512294
2008-05-01,90.3170233556374,91.11154725592667
2008-05-02,93.83950856621412,91.36330476048234
2008-05-05,91.58511677818704,90.92431235618575
2008-05-06,90.59878708126007,91.71198759355795
2008-05-07,89.61255921154407,90.07852331330095
2008-05-08,87.87380475415583,89.8461232800497
2008-05-09,90.26455884339954,89.67823895301329
2008-05-12,90.48177978299054,90.68544833483321
2008-05-13,91.7857712138391,90.69832112223664
2008-05-14,93.95910854193225,90.88555602197756
2008-05-15,92.36530120293185,92.02183130922664
2008-05-16,95.19065382860522,92.10583556014389
2008-05-19,102.50744807301794,92.35764135489882
2008-05-20,102.50744807301794,91.60869485733522
2008-05-21,101.42077940897137,90.05916584199653
2008-05-22,102.50744807301794,90.07208002099934
2008-05-23,94.24891661722172,88.86474225623539
2008-05-27,100.76875627852876,89.52326880497968
2008-05-28,96.63947488490588,89.93649493866972
2008-05-29,96.27733815837657,90.38842911636868
2008-05-30,98.2332743910439,90.61442724891769
2008-06-02,96.78439850470657,89.67823895301329
2008-06-03,94.3212765999111,89.15524229779945
2008-06-04,93.08984097331148,89.11008406288902
2008-06-05,95.6252915293468,90.89204070587854
2008-06-06,97.79857402740326,87.99313865254477
2008-06-09,101.85546410688724,88.20618811309151
2008-06-10,104.31851551592128,87.76716811439535
2008-06-11,102.86958479954725,86.47592957771255
2008-06-12,97.07420657999604,86.80517905488492
2008-06-13,99.75458858869443,87.90275319672496
2008-06-16,97.29155284538517,87.95440301413626
2008-06-17,98.52305113488384,87.5282971944429
2008-06-18,90.55424942575327,86.6760510620567
2008-06-19,90.0472204108728,86.78580778638072
2008-06-20,85.12104709704329,85.37712748509126
2008-06-23,78.96329716509128,85.2927438111798
2008-06-24,86.932122372809,85.12406614515551
2008-06-25,90.62678956427744,85.52637869381219
2008-06-26,88.09119018385687,83.20343384708356
2008-06-27,87.43926104776284,82.74925762441883
2008-06-30,85.62813877482283,83.04121327056068
2008-07-01,86.932122372809,83.30075239579752
2008-07-02,85.62813877482283,81.87328030839501
2008-07-03,86.932122372809,81.957629489307
2008-07-07,86.932122372809,81.12058787108862
2008-07-08,86.71474477597035,82.56107761649234
2008-07-09,85.84544587590004,80.97138495256695
2008-07-10,86.20761393387889,81.30228319511414
2008-07-11,84.3241395111119,80.35496745757965
2008-07-14,82.44056326113393,79.62821375587717
2008-07-15,86.49749250492981,78.50568047961826
2008-07-16,88.01879886971795,80.43281815739087
2008-07-17,85.48327781792119,81.23738116730519
2008-07-18,83.38233180396695,81.74351764437648
2008-07-21,86.56987598620633,81.78890353308344
2008-07-22,83.88940781602173,82.71677901611478
2008-07-23,84.97609997865545,83.16448435207832
2008-07-24,84.68636239912742,81.43855123883333
2008-07-25,85.77305456176114,81.4190764913307
2008-07-28,86.2800522451921,80.22519099636133
2008-07-29,85.5556691320601,81.93816164040427
2008-07-30,85.7005457546865,83.39809853891103
2008-07-31,88.16364416089483,82.29502621295495
2008-08-01,95.04577720597882,81.86029714339327
2008-08-04,91.20620989329683,81.10117521098505
2008-08-05,91.64097291983653,83.28780372379524
2008-08-06,89.10535787369118,83.65765146134767
2008-08-07,87.65656031597767,82.41181950917152
2008-08-08,88.23606680648327,83.94317071378778
2008-08-11,93.4519776998408,84.81260125851158
2008-08-12,96.58195034356892,83.93015995438645
2008-08-13,98.51947934963744,83.42406486891453
2008-08-14,100.23358378910801,84.05346552890359
2008-08-15,99.86099802416047,84.46224896426146
2008-08-18,101.50047878371313,83.30725777549817
2008-08-19,94.12274486996469,82.39883634416977
2008-08-20,97.1036424768294,82.78170173972342
2008-08-21,97.1036424768294,82.92445446734358
2008-08-22,96.1348113944649,84.12483844341372
2008-08-25,96.1348113944649,82.41832488887218
2008-08-26,100.0846419109051,82.65841686100597
2008-08-27,98.6686640465742,83.4629729723204
2008-08-28,99.63739330172773,84.47519073766384
2008-08-29,104.18323414971341,83.56679690073501
2008-09-02,102.69284409274893,83.04770485306155
2008-09-03,104.33235618375112,82.9763388371513
2008-09-04,103.95973125449166,80.47820404609783
2008-09-05,104.70502811018487,80.73131367623284
2008-09-08,107.31340261500111,82.39883634416977
2008-09-09,98.07245006060677,79.95266180752286
2008-09-10,106.04642145890978,80.27710296056864
2008-09-11,100.68076973538632,81.43855123883333
2008-09-12,104.33235618375112,81.81486296448705
2008-09-15,104.10879845849269,77.92171399853542
2008-09-16,101.43938245712977,79.22592190302018
2008-09-17,91.96465029206786,75.66367117961575
2008-09-18,89.10723776066297,77.90874463073347
2008-09-19,89.48321515502214,81.00278737928744
2008-09-22,91.5134617531121,79.16890497489082
2008-09-23,93.99498305164401,77.3677012381952
2008-09-24,89.33276153437942,77.61570590440817
2008-09-25,92.6414331005015,78.82956284607258
2008-09-26,91.13746869302817,78.86873309627444
2008-09-29,90.0847789859968,72.68848440864684
2008-09-30,86.85134206305845,75.69700521430673
2008-10-01,89.10723776066297,75.74270154000895
2008-10-02,87.22731162455524,72.99517546416367
2008-10-03,86.62574779358057,72.00975875941099
2008-10-06,89.85907505644556,68.34202844361722
2008-10-07,89.03209711182782,65.2812576423552
2008-10-08,83.54269399552352,63.636638326068535
2008-10-09,80.45966369605361,59.19233262013308
2008-10-10,83.84353857390991,57.756627053756304
2008-10-13,82.33959766502372,66.14272720280056
2008-10-14,80.98607121246835,65.16379518194884
2008-10-15,81.252372867748,58.7485525875096
2008-10-16,85.51272938047933,61.19587919033893
2008-10-17,79.88287520879474,60.83039826651982
2008-10-20,81.02407626074816,64.48507643131288
2008-10-21,83.76295408571893,62.55985656431099
2008-10-22,83.68688915912264,59.15320376153058
2008-10-23,83.0021873268203,59.838414094667414
2008-10-24,83.45854555494851,56.80375104470672
2008-10-27,81.7848743510963,54.7871902657996
2008-10-28,83.68688915912264,61.18933241903889
2008-10-29,83.15423885138907,60.74555928501531
2008-10-30,81.32840646289475,62.84701078492615
2008-10-31,83.68688915912264,63.192858293445056
2008-11-03,82.54571943861875,63.375602204654555
2008-11-04,89.46884185255028,65.52924161276849
2008-11-05,86.72994836185474,62.77522395442233
2008-11-06,81.252372867748,59.29673603093884
2008-11-07,79.04603569043745,61.254600072642255
2008-11-10,80.26330950184953,60.45190658329938
2008-11-11,78.28526893153882,58.58539380140104
2008-11-12,76.83972984457642,56.007576732264305
2008-11-13,78.43739095186902,59.499065067249276
2008-11-14,79.73072968987739,56.52964897509226
2008-11-17,80.77019752520712,55.77913649535259
2008-11-18,80.84718672956456,56.82986569460795
2008-11-19,77.53636112628728,53.18826727521516
2008-11-20,77.22832598023378,49.23991571290649
2008-11-21,67.91162964660083,51.89608707964675
2008-11-24,69.29763897945637,55.492002970537115
2008-11-25,70.76052785659596,55.90314917635891
2008-11-26,70.83754839240291,58.06332155857308
2008-11-28,73.14745167613464,58.794255811811716
2008-12-01,75.14940597529908,53.58636477933621
2008-12-02,69.75959770418804,55.648621883945545
2008-12-03,76.6123653482001,56.98650185451611
2008-12-04,73.14745167613464,55.66819666114664
2008-12-05,73.14745167613464,57.384592460037275
2008-12-08,70.0675623544801,59.38812178374338
2008-12-09,68.91263812763258,58.40920356009146
2008-12-10,74.14841315999209,58.807280368412826
2008-12-11,76.30438503218328,57.3911461299372
2008-12-12,76.22735666351394,58.07635301377409
2008-12-15,71.60750309887618,57.26711620243113
2008-12-16,73.14745167613464,59.96244402217348
2008-12-17,72.17217414802936,59.381609505442825
2008-12-18,72.56225069467698,58.27214217738439
2008-12-19,71.00179568370119,58.02150224601166
2008-12-22,74.12274486996469,57.27802288886459
2008-12-23,74.90299979047093,56.685922958505955
2008-12-24,77.24370972195297,57.0148723465829
2008-12-26,75.91737896758957,57.34382863325974
2008-12-29,75.6832860424267,57.179338417371504
2008-12-30,74.6689303638952,58.53467529497551
2008-12-31,76.22945587063245,59.37021991701674
2009-01-02,76.22945587063245,61.15972362829102
2009-01-05,79.97457452870646,61.087357315396055
2009-01-06,80.44271338185791,61.4952784257671
2009-01-07,80.75482944921269,59.653097005697205
2009-01-08,80.91089923218367,59.89654169737981
2009-01-09,77.24370972195297,58.6135952777704
2009-01-12,76.0733312576248,57.20566347456952
2009-01-13,78.02400380677112,57.31091541316232
2009-01-14,80.36464324249171,55.508228477489354
2009-01-15,79.19434310678737,55.52799986478744
2009-01-16,75.83930099536099,55.962204640757136
2009-01-20,75.0884036430643,53.00817587566515
2009-01-21,76.66926326054646,55.29770390450406
2009-01-22,76.43209202046727,54.4424292867641
2009-01-23,79.04045085955873,54.67929616344715
2009-01-26,81.41166195715816,55.054314401620616
2009-01-27,80.46315715267619,55.613528706281414
2009-01-28,82.43912201445555,57.4951735670487
2009-01-29,79.59371726108301,55.62667053908074
2009-01-30,79.59371726108301,54.49502766166093
2009-02-02,80.14696016402014,54.33058573597196
2009-02-03,80.06804407551662,55.09377784231801
2009-02-04,79.04045085955873,54.82403913713692
2009-02-05,79.11949227386037,55.6398365169797
2009-02-06,80.22604857549607,57.22542106466782
2009-02-09,80.54219856697783,57.30435829396245
2009-02-10,77.85479831358472,54.67929616344715
2009-02-11,79.19849452385009,55.00164704072485
2009-02-12,76.66926326054646,55.041134626521874
2009-02-13,80.54219856697783,54.449020898963454
2009-02-17,76.35310543620231,52.12000528432752
2009-02-18,77.9945914085249,51.99498540773657
2009-02-19,76.39310003152727,51.43575730587599
2009-02-20,72.70960250181625,50.93574678551115
2009-02-23,75.1919619166231,49.11334365133924
2009-02-24,74.55139043098367,50.975213675508485
2009-02-25,74.23101852667774,50.57388762663673
2009-02-26,79.5961846127335,49.75150898249446
2009-02-27,79.27587537132663,48.639613347273105
2009-03-02,76.4731283864891,46.44877668852718
2009-03-03,74.39126322529857,46.10005591315215
2009-03-04,72.6294488210563,47.19221465407488
2009-03-05,74.87161351090433,45.264525088310705
2009-03-06,77.67430566570518,45.34347611480512
2009-03-09,75.27203726875922,44.810555823642815
2009-03-10,80.07658189551353,47.481693702854535
2009-03-11,77.59430864219289,47.79091999383265
2009-03-12,80.07658189551353,49.67256830389988
2009-03-13,78.47511401710305,50.06071457767289
2009-03-16,78.79540759278515,49.9093972382835
2009-03-17,78.55511887347774,51.43575730587599
2009-03-18,75.18910292185349,52.58712328039463
2009-03-19,77.86572515660829,51.93578852204051
2009-03-20,76.8112573898161,50.82983258132845
2009-03-23,75.67576649453952,54.48090967697651
2009-03-24,75.83797724161835,53.40745993896809
2009-03-25,76.97346813689494,53.970665083667946
2009-03-26,79.0824506676536,55.07066753267091
2009-03-27,77.05463225690222,54.076744854248105
2009-03-30,79.40679383318745,52.2081073035822
2009-03-31,80.94796433697758,52.69181643239596
2009-04-01,78.35235739784478,53.71226077811378
2009-04-02,79.56901241312866,55.282678753933496
2009-04-03,82.89460296199691,55.83266618123519
2009-04-06,82.73229038770711,55.39532254231342
2009-04-07,84.5979293828292,54.103221680643806
2009-04-08,84.76006963414657,54.686325836739805
2009-04-09,87.11233303764278,56.859733182851876
2009-04-13,97.17001815265857,56.872978494649615
2009-04-14,97.33211140680167,55.89230112802456
2009-04-15,98.46775112646353,56.4886574945182
2009-04-16,100.98207645265329,57.31691719507067
2009-04-17,106.43062335877056,57.701276137501516
2009-04-20,97.41804573999988,55.282678753933496
2009-04-21,92.50206298012999,56.362754597140736
2009-04-22,93.73103908794151,56.018207474701974
2009-04-23,95.86131917151815,56.56818800340377
2009-04-24,95.28768732779942,57.42295902335142
2009-04-27,94.71425913850263,56.879604599848435
2009-04-28,97.33614533092864,56.70067906368063
2009-04-29,95.36976005984307,57.90669574656476
2009-04-30,96.27093870981007,57.92657751146116
2009-05-01,98.48315053390748,58.237987209305935
2009-05-04,94.4684795826651,60.219265099051825
2009-05-05,91.84662472168861,60.013783402589524
2009-05-06,96.68066007531297,61.05414055690327
2009-05-07,96.68066007531297,60.20596459845492
2009-05-08,96.68066007531297,61.610760988003676
2009-05-11,95.04196260199855,60.45775659601006
2009-05-12,95.86131917151815,60.278862103541776
2009-05-13,97.50005580914447,58.761466766512406
2009-05-14,97.90965184884925,59.26504386302278
2009-05-15,98.3193027185907,58.78132093700923
2009-05-18,99.30243660766563,60.451140838711076
2009-05-19,105.88408538603284,60.3782709280238
2009-05-20,112.75525242378136,59.974075061595876
2009-05-21,119.7094008056099,59.11261239975041
2009-05-22,122.02747376480656,58.98674744467237
2009-05-26,112.83812410778802,60.49754082160255
2009-05-27,109.36108516475447,59.417475326295154
2009-05-28,99.75783139372079,60.24575572264731
2009-05-29,99.75783139372079,61.312562108957174
2009-06-01,99.84067174627792,62.7968303692924
2009-06-02,101.41358100844187,62.84985990668264
2009-06-03,101.41358100844187,62.05467899262505
2009-06-04,102.6552933504873,62.637824540320416
2009-06-05,104.47669233887312,62.651076750718055
2009-06-08,105.47010294339387,62.39265519866416
2009-06-09,105.5528962987767,62.71071514680738
2009-06-10,105.71849867526716,62.55166792623603
2009-06-11,105.5528962987767,62.82995744598655
2009-06-12,107.95373911476906,63.00221548535617
2009-06-15,109.5266953741073,61.55773145061344
2009-06-16,110.43739095186902,60.7228352969623
2009-06-17,108.80771693601922,60.66318310367319
2009-06-18,108.97487805212378,61.107163195693616
2009-06-19,111.0640747725043,61.332388685054426
2009-06-22,109.39272209591732,59.49320815593871
2009-06-23,101.6206897226971,59.53987718422608
2009-06-24,104.46202922049312,60.052953652791395
2009-06-25,108.72417945871004,61.35904487504739
2009-06-26,119.00321343179242,61.19908014069004
2009-06-29,117.41536690106507,61.77217442833889
2009-06-30,114.40680362426542,61.27241915617016
2009-07-01,117.83316394768431,61.52563916390349
2009-07-02,117.83316394768431,59.84636128174606
2009-07-06,117.41536690106507,59.839724828647405
2009-07-07,113.40400141774809,58.680256448552484
2009-07-08,109.72691900232832,58.640244569163464
2009-07-09,112.98622003685362,58.75352647803365
2009-07-10,114.4904742602351,58.613615973570084
2009-07-13,116.1618269368221,60.039639354994705
2009-07-14,116.99746802723486,60.37945058860579
2009-07-15,118.8359896527888,62.145347291040544
2009-07-16,119.00321343179242,62.04539347716684
2009-07-17,119.29825385915339,62.725057335988375
2009-07-20,117.52779197484085,63.39147588301216
2009-07-21,110.36143568534608,63.68465258133536
2009-07-22,114.15540790609964,63.67131758773898
2009-07-23,118.28651435665763,65.07735572526877
2009-07-24,118.28651435665763,65.34391072659848
2009-07-27,117.86493403750767,65.53715430684765
2009-07-28,116.93753879714649,65.23062191912841
2009-07-29,116.01021405254676,65.07071927217012
2009-07-30,112.55346222308384,65.75039692819144
2009-07-31,109.85551110406153,65.8436935931668
2009-08-03,112.89074527727354,66.92987124798087
2009-08-04,114.23969733819754,67.10308819273584
2009-08-05,111.2888622571568,66.90986530828636
2009-08-06,110.27713058752343,66.56333483837788
2009-08-07,112.38485986030089,67.43630436484763
2009-08-10,113.48084963058263,67.29636626598449
2009-08-11,111.87899794191542,66.45674457140551
2009-08-12,112.80644801231325,67.16974246491803
2009-08-13,112.97501121078429,67.68285342648282
2009-08-14,111.6260513169979,67.16306462022
2009-08-17,113.56520955844196,65.5104843196549
2009-08-18,116.50109170519455,66.03023863291826
2009-08-19,116.41605031830794,66.61001076526513
2009-08-20,116.41605031830794,67.29636626598449
2009-08-21,116.75635685737728,68.61575798883737
2009-08-24,114.6289122699831,68.60910773853892
2009-08-25,113.7779892650621,68.74240938430341
2009-08-26,114.03328574869435,68.74904583740206
2009-08-27,113.0121154798901,68.90227753826223
2009-08-28,111.82066661575305,68.88896324046553
2009-08-31,111.65048984763125,68.27591916082672
2009-09-01,111.65048984763125,66.76993410802311
2009-09-02,111.65048984763125,66.51671410028978
2009-09-03,112.8418447174197,67.06980244824412
2009-09-04,111.99087471532441,68.00938485529669
2009-09-08,113.94812686887201,68.59577274494255
2009-09-09,114.79910470382968,69.12221870010372
2009-09-10,116.16071467036377,69.82853185031831
2009-09-11,115.22460928703329,69.81522445112152
2009-09-14,116.92665111843483,70.15506327913218
2009-09-15,117.43722841997459,70.44830206485443
2009-09-16,118.37325547468126,71.51443928697451
2009-09-17,116.87056782377626,71.40784212140225
2009-09-18,117.98692303625245,71.45334528630742
2009-09-21,116.52715163834108,71.27260886766726
2009-09-22,116.35540829774277,71.68772521772844
2009-09-23,117.21409366928481,71.09180346302816
2009-09-24,116.18348480130966,70.30843985059012
2009-09-25,118.24456937859945,69.93352854071502
2009-09-28,117.98692303625245,71.18555543559657
2009-09-29,122.36637822150944,70.97130561866817
2009-09-30,122.19460354946159,70.6968034302598
2009-10-01,116.95647082552495,68.94261365184629
2009-10-02,117.64336585929438,68.62121478135406
2009-10-05,119.96192445595875,69.64560167691167
2009-10-06,120.39132197176644,70.64322890347789
2009-10-07,119.2750372550517,70.83742449051253
2009-10-08,118.50213739232262,71.37973722543141
2009-10-09,121.8511873640264,71.81493539978594
2009-10-12,120.73469899288972,72.096136128692
2009-10-13,120.47713097916655,71.94882342654147
2009-10-14,122.7098962341556,73.18746703762737
2009-10-15,122.62397756668214,73.45527758413792
2009-10-16,121.67935786194188,72.9062732073212
2009-10-19,120.6830647640644,73.50886590811962
2009-10-20,117.73749336654467,73.12051612564971
2009-10-21,117.3909362032941,72.46436959386908
2009-10-22,118.77706302908538,73.20084342282313
2009-10-23,117.1309713336819,72.36395357380243
2009-10-26,116.09143300259072,71.58059685996429
2009-10-27,116.3512803792672,71.25252704337392
2009-10-28,116.09143300259072,69.90673437872417
2009-10-29,116.6978140439306,71.40647619862311
2009-10-30,115.13840080365168,69.33764127901422
2009-11-02,116.95772408350615,69.84644061564485
2009-11-03,117.21758712590739,70.06740277027076
2009-11-04,115.22500876301478,70.24820127630997
2009-11-05,117.30429691248148,71.54039181977822
2009-11-06,119.12362802519831,71.72788196771525
2009-11-09,121.11623771954045,73.36156010456898
2009-11-10,119.7300560637125,73.3749709827642
2009-11-11,120.50973135240244,73.74990298843898
2009-11-12,119.21030648032287,73.00002517988962
2009-11-13,119.03702006583521,73.39502521265797
2009-11-16,122.06913675981899,74.45959645260196
2009-11-17,122.32914862660549,74.54664988467266
2009-11-18,123.59660758730215,74.49979459418813
2009-11-19,125.16995548975952,73.52892703661328
2009-11-20,122.11061176613423,73.26781503060046
2009-11-23,125.69443612202816,74.19848444658915
2009-11-24,124.12105688812127,74.3123044462511
2009-11-25,126.21883842567298,74.5734578438633
2009-11-27,124.64535736455512,73.36156010456898
2009-11-30,124.03356381530894,73.60930262398595
2009-12-01,127.35505777715115,74.5198626212817
2009-12-02,129.62781762746516,74.48636991879313
2009-12-03,127.61735683975334,73.90390733248734
2009-12-04,128.9285858354433,74.32569462864664
2009-12-07,129.19077523797216,74.21190222338426
2009-12-08,130.50189457358877,73.38835426655983
2009-12-09,128.9285858354433,73.66281506336881
2009-12-10,127.87953057655741,74.07795210922967
2009-12-11,129.36548723341343,74.39265933782409
2009-12-14,135.22197744527276,74.90152766045367
2009-12-15,129.4530977991615,74.55334842517037
2009-12-16,135.04724195124436,74.66716152623245
2009-12-17,132.59970744259002,73.76999860993212
2009-12-18,142.82666854655363,74.18732251195958
2009-12-21,141.60292479081363,74.94125669724701
2009-12-22,139.76724649430454,75.21051594973542
2009-12-23,142.91395796494402,75.35861509227395
2009-12-24,142.73920680519083,75.71536238862642
2009-12-28,142.30203908989972,75.87692759815931
2009-12-29,142.03992018313232,75.76921975800401
2009-12-30,139.94212297985584,75.74230831981495
2009-12-31,140.90348151150747,75.01531316711616
2010-01-04,142.18088037456747,76.28752536528948
2010-01-05,138.83341264106497,76.4894818772056
2010-01-06,137.68818549784694,76.54333234798331
2010-01-07,141.65236581817186,76.8664765642489
2010-01-08,140.3309306027975,77.12226974974294
2010-01-11,141.3880850413869,77.22997758989824
2010-01-12,131.4336448854346,76.50968787629706
2010-01-13,129.84792106041292,77.1559004242294
2010-01-14,130.2004546976613,77.3646037668425
2010-01-15,129.75995801585762,76.49622870790259
2010-01-19,131.4035118638492,77.45207801350676
2010-01-20,130.78170791647818,76.66452695093267
2010-01-21,128.82705627324157,75.19031684924386
2010-01-22,126.96116662652325,73.51419162723829
2010-01-25,128.0274071854763,73.89114492268222
2010-01-26,126.25042835966154,73.58150126641047
2010-01-27,127.67201455345831,73.93154312366534
2010-01-28,128.29401432238888,73.08338786101666
2010-01-29,124.91774515390595,72.28907617054581
2010-02-01,127.58318206117858,73.41323061777997
2010-02-02,127.22774243198627,74.30177028421197
2010-02-03,127.22774243198627,73.93154312366534
2010-02-04,125.18432879223137,71.64958285891088
2010-02-05,125.36199377679084,71.7976751028495
2010-02-08,124.65133383855296,71.27933500256455
2010-02-09,123.94044674730598,72.174655992693
2010-02-10,124.11813523045261,72.03328298505177
2010-02-11,126.42814817425769,72.78718267733971
2010-02-12,126.96116662652325,72.72661297026463
2010-02-16,128.56044130346663,73.87096651799034
2010-02-17,130.07093048530456,74.22098767944551
2010-02-18,130.65334296775407,74.65854517496402
2010-02-19,130.02605601671533,74.81335665520004
2010-02-22,129.93644023819735,74.82682272219442
2010-02-23,129.12997656015932,73.91806325947117
2010-02-24,130.47413490930523,74.59795477208922
2010-02-25,129.5780162884373,74.49698686403102
2010-02-26,129.48834567988266,74.54410430131152
2010-03-01,130.20535806951273,75.31823758709051
2010-03-02,131.01175125178932,75.52691333530403
2010-03-03,130.74291958196014,75.59419538007664
2010-03-04,130.74291958196014,75.8230840259815
2010-03-05,132.89369043352934,76.90684717083245
2010-03-08,133.87934650429142,76.92031323782682
2010-03-09,134.77545729229698,77.04818568547421
2010-03-10,134.86506523795256,77.39152210363146
2010-03-11,135.31316762912962,77.71461802969779
2010-03-12,135.7611760259581,77.72135106319497
2010-03-15,137.55346026486825,77.74152256928696
2010-03-16,137.10537353941595,78.36083057763011
2010-03-17,137.37424437355705,78.82532710573726
2010-03-18,135.58203846327072,78.78490131035456
2010-03-19,135.67158374602727,78.38611394624404
2010-03-22,137.2846050964519,78.80518319404486
2010-03-23,137.7815218859966,79.35949259418055
2010-03-24,139.58851624046105,78.97416439846451
2010-03-25,138.5946669956469,78.84576075862523
2010-03-26,138.9559499401765,78.79845016054766
2010-03-29,139.67882914373106,79.29863314590987
2010-03-30,140.4919115904823,79.35269747328431
2010-03-31,141.03400833024915,79.08232754621285
2010-04-01,142.93134691943314,79.62308119755555
2010-04-05,144.5576371387337,80.27194970644733
2010-04-06,144.64793437627895,80.46121969315718
2010-04-07,143.65405380001528,80.00157288077598
2010-04-08,143.65405380001528,80.2786965371443
2010-04-09,143.56383489109385,80.80590823689379
2010-04-12,143.11208238604655,80.93430497813317
2010-04-13,144.37701133219366,80.99517132500374
2010-04-14,146.3646471589229,81.91441665956685
2010-04-15,146.2743185899281,81.98201603993462
2010-04-16,145.37071958548492,80.67750459705451
2010-04-19,145.7804566167126,80.98163627201042
2010-04-20,146.50895981545776,81.7048785863665
2010-04-21,145.68947008727767,81.55619306283693
2010-04-22,145.96268032717867,81.79947908672196
2010-04-23,146.32687709651458,82.33347900876778
2010-04-26,147.60159712063978,82.02256601011541
2010-04-27,144.3236382079194,80.08268661833738
2010-04-28,144.5057679240369,80.69103275144793
2010-04-29,145.5983738977694,81.69136422917286
2010-04-30,144.2326516784845,80.30573904873137
2010-05-03,147.32843387791308,81.3466342938369
2010-05-04,145.3252106550427,79.43380431224581
2010-05-05,137.40342961879418,78.96065693987077
2010-05-06,130.9384278270269,76.33807830531754
2010-05-07,132.39534806303104,75.20254806685709
2010-05-10,142.5935468963262,78.51455897768268
2010-05-11,143.13993604467865,78.2914996486888
2010-05-12,146.87321924769273,79.38647301836856
2010-05-13,145.96268032717867,78.39964210063746
2010-05-14,141.9561868842636,76.98021378071213
2010-05-17,142.411464177383,77.02076375089294
2010-05-18,139.97909409030115,75.97310097929075
2010-05-19,136.39927232708467,75.54051047569641
2010-05-20,130.1575384446677,72.6881532758519
2010-05-21,129.79038868621356,73.74933040464772
2010-05-24,128.68902557233747,72.80304945709743
2010-05-25,125.84346416171728,72.87739566816217
2010-05-26,130.89188495875018,72.43807213107064
2010-05-27,136.7663672555021,74.86460635381746
2010-05-28,133.64553556217433,73.92506533836425
2010-06-01,129.33152394212297,72.68138574935524
2010-06-02,133.27840930230735,74.57394074585592
2010-06-03,136.7663672555021,74.83081011293353
2010-06-04,130.80010731021463,72.20149154628322
2010-06-07,130.34115640463784,71.30250739961072
2010-06-08,134.1045882949621,72.06629968414761
2010-06-09,131.90159574988888,71.68103357583061
2010-06-10,135.02234911459283,73.77637291623479
2010-06-11,135.3896007002579,74.13460341156461
2010-06-14,139.3365643890661,74.01968653451938
2010-06-15,139.97909409030115,75.70273105221929
2010-06-16,141.3559233084444,75.67567474343245
2010-06-17,141.3096154260392,75.79735224837444
2010-06-18,140.29170362798604,75.87956286331908
2010-06-21,140.47680983180885,75.66223627083765
2010-06-22,139.45880403940714,74.41260319011955
2010-06-23,141.12455621939066,74.18170705164533
2010-06-24,142.79026140219986,72.95249382661542
2010-06-25,156.39378149055455,73.25807420754921
2010-06-28,144.36350747744626,73.02717806907499
2010-06-29,139.92155388323943,70.77246727390443
2010-06-30,138.1633425956931,70.10010903237134
2010-07-01,140.19916619179938,69.78769903754184
2010-07-02,143.80815753452825,69.40739992114901
2010-07-06,142.88268917831314,69.86244536740045
2010-07-07,147.6949021773399,72.06282278980069
2010-07-08,146.58448427454965,72.77590346651195
2010-07-09,148.43513900393407,73.31923719421525
2010-07-12,149.17561081639965,73.36676854748944
2010-07-13,149.73071010772145,74.47374548098591
2010-07-14,151.48896839244208,74.46692966428998
2010-07-15,150.93383776967076,74.4873219255786
2010-07-16,149.82337286970622,72.4363129880975
2010-07-19,148.84409274892346,72.8641848493639
2010-07-20,149.59012589368064,73.67235582702313
2010-07-21,146.41936753552693,72.71478187144528
2010-07-22,148.84409274892346,74.3378982518603
2010-07-23,150.80257466186512,74.98309670560812
2010-07-26,151.26884929376953,75.76409409828229
2010-07-27,152.48114140470636,75.75730587598594
2010-07-28,151.92173403907424,75.26831931825276
2010-07-29,152.1082031609516,74.90159664645262
2010-07-30,153.22737820388548,74.88799260746035
2010-08-02,153.78681690096715,76.57905329823785
2010-08-03,152.66770452093235,76.21230303203814
2010-08-04,155.37240756732834,76.7217025468596
2010-08-05,154.43973297772138,76.64015419750484
2010-08-06,154.99950065502313,76.32777869567482
2010-08-09,157.61064799312274,76.73524449845281
2010-08-10,156.4915042816384,76.32098357477858
2010-08-11,151.8284289823741,74.22925910071922
2010-08-12,151.8284289823741,73.77424124886734
2010-08-13,152.3880400024282,73.55691465638591
2010-08-16,145.67325606214592,73.52293215330482
2010-08-17,140.26419461529875,74.42618653331213
2010-08-18,141.34553693292523,74.56203376243775
2010-08-19,140.1231874266893,73.26490382144492
2010-08-20,141.25151125288593,73.02717806907499
2010-08-23,140.31114479241936,72.7487298815269
2010-08-24,138.9946286146212,71.6689058372158
2010-08-25,140.59328449543636,71.94734022756411
2010-08-26,140.1231874266893,71.46517638512675
2010-08-27,142.00396734479673,72.57213262282353
2010-08-30,140.02908341802615,71.51951665649698
2010-08-31,139.18264864325033,71.51951665649698
2010-09-01,142.94434947098804,73.65877938243044
2010-09-02,141.5337606159763,74.34470027135643
2010-09-03,142.94434947098804,75.30906244923062
2010-09-07,141.81590031899333,74.46016213779332
2010-09-08,142.85030812522396,74.98309670560812
2010-09-09,143.60260755988713,75.32944091331943
2010-09-10,144.35493832599983,75.70976072551196
2010-09-13,144.91931172638246,76.55185901745311
2010-09-14,144.91931172638246,76.50432076557902
2010-09-15,144.8252077177193,76.7963660935195
2010-09-16,144.73107237760664,76.77600142663046
2010-09-17,145.20124777497753,76.80467200779266
2010-09-20,145.57752281810724,77.97902066786035
2010-09-21,146.00416316635628,77.82202233145772
2010-09-22,146.57298563257217,77.4396398378967
2010-09-23,146.0990817927072,76.8114671286889
2010-09-24,147.42629766051982,78.39554433230003
2010-09-27,147.42629766051982,78.01998455403483
2010-09-28,150.2705666488469,78.29310012386436
2010-09-29,150.8392951207142,78.15651474455002
2010-09-30,150.64973985105811,77.92440445249434
2010-10-01,152.45121987040528,78.25215003488967
2010-10-04,151.78740044921466,77.66494811045624
2010-10-05,154.8213656987207,79.22848128358109
2010-10-06,153.7784827353922,79.22168616268485
2010-10-07,152.16654231997634,79.12607846674479
2010-10-08,155.10569860320481,79.56992058676731
2010-10-11,155.01088963692726,79.64499115082099
2010-10-12,156.24328087273753,79.89077446786787
2010-10-13,156.9069906338548,80.51211756317997
2010-10-14,156.24328087273753,80.1979967155766
2010-10-15,157.85511162808004,80.36189365187388
2010-10-18,158.8031699594062,80.75791467742664
2010-10-19,154.07492524511963,79.6996004675871
2010-10-20,159.13750785734007,80.47799018950109
2010-10-21,159.42414362336464,80.65547736759086
2010-10-22,158.46884772719707,80.80570127889695
2010-10-25,159.42414362336464,81.04466188064801
2010-10-26,158.85107574573746,81.05829351403986
2010-10-27,159.04188427337473,80.8261625261845
2010-10-28,159.04188427337473,80.83979415957634
2010-10-29,160.37928286228458,80.90128138043744
2010-11-01,157.51358316247902,80.9285722416207
2010-11-02,160.6659812912082,81.57039728002003
2010-11-03,160.47489078052516,81.89815665961515
2010-11-04,162.28971799737207,83.47532836473174
2010-11-05,169.7404306899381,83.78939402353595
2010-11-08,170.60000900779173,83.63234739693405
2010-11-09,168.68955820697948,83.03152073770868
2010-11-10,168.785103462321,83.36609593399972
2010-11-11,168.40295377240443,83.05198888359612
2010-11-12,167.9254624815683,82.06883491960889
2010-11-15,166.68371880807334,81.9527314833818
2010-11-16,162.76731894828157,80.675966209278
2010-11-17,163.58524210398517,80.71693009545248
2010-11-18,166.2796371034858,81.90495867911127
2010-11-19,166.37580898781795,82.13025315447103
2010-11-22,167.4343576759114,82.0619777113136
2010-11-23,164.16247706439984,80.87396982345449
2010-11-24,165.60599527286755,82.06883491960889
2010-11-26,165.41351051268043,81.11293042520555
2010-11-29,164.45129036616675,81.35873443805212
2010-11-30,163.8739457456787,80.90128138043744
2010-12-01,164.16247706439984,82.62188877456376
2010-12-02,163.0078661520476,83.68014779560414
2010-12-03,165.2211980754657,83.9054491695638
2010-12-06,167.4343576759114,83.8167193777187
2010-12-07,167.24184158427474,83.86450597918899
2010-12-08,168.4927967039315,84.17176271989719
2010-12-09,167.72298298898113,84.49948760649282
2010-12-10,169.07006299579572,84.9910542405866
2010-12-13,166.5683720766289,85.0456842531524
2010-12-14,166.5683720766289,85.12078931020555
2010-12-15,166.66452829523624,84.73160479714839
2010-12-16,167.24184158427474,85.22320592424164
2010-12-17,167.4343576759114,85.31451579244734
2010-12-20,167.24184158427474,85.52039760770353
2010-12-21,168.3966248195994,86.06265515382326
2010-12-22,169.45500118472043,86.330320829736
2010-12-23,169.74386148366162,86.20677380422256
2010-12-27,170.3210964440763,86.24107364289881
2010-12-28,171.76452065819544,86.36462066841224
2010-12-29,174.45889999197132,86.4264045290688
2010-12-30,173.8814613771347,86.2891154925652
2010-12-31,175.0362602781841,86.30970091465086
2011-01-03,177.82671750194353,87.20200721662535
2011-01-04,177.0033113425722,87.15393777255937
2011-01-05,177.48769555230493,87.60694123324201
2011-01-06,176.0343862658591,87.43533856086238
2011-01-07,175.55009605047496,87.26375658428243
2011-01-10,178.0689566039842,87.15393777255937
2011-01-11,180.39414180222414,87.4628087856429
2011-01-12,182.81621950813542,88.25215348418962
2011-01-13,183.5913125723316,88.10796584779136
2011-01-14,186.98222136060735,88.7462932960441
2011-01-18,187.71335640111306,88.8972829519385
2011-01-19,181.96005631828052,88.02562415944872
2011-01-20,174.15915201431847,87.90893434223057
2011-01-21,176.1093310931347,88.10796584779136
2011-01-24,179.5223128876043,88.60902495534019
2011-01-25,181.86275650176532,88.6570530078068
2011-01-26,183.71551043826824,89.00026525116596
2011-01-27,188.1035112763845,89.21992357041177
2011-01-28,182.64273727208817,87.66187478420318
2011-01-31,190.54130170423502,88.3207531615421
2011-02-01,188.2985652154331,89.73465570295181
2011-02-02,190.34643575388364,89.56305303057218
2011-02-03,187.81101652929783,89.76208453613297
2011-02-04,192.19903303313887,90.01604269405503
2011-02-07,192.0040260912646,90.5788994594602
2011-02-08,188.00605480262166,90.99068378577226
2011-02-09,189.6637861315255,90.78478817331629
2011-02-10,188.78611390156834,90.81909491059243
2011-02-11,189.56618866623978,91.36133865951236
2011-02-14,189.6637861315255,91.5809624857587
2011-02-15,190.83395310856935,91.29269759056051
2011-02-16,192.19903303313887,91.86928256975605
2011-02-17,193.03323287687329,92.14377096096462
2011-02-18,192.93505577977123,92.3359728526297
2011-02-22,189.40216852795058,90.4828088615275
2011-02-23,188.12644589744042,89.92683000021731
2011-02-24,189.00961679679008,89.86503924096085
2011-02-25,190.28549608454793,90.82597281468739
2011-02-28,193.3277954996289,91.38877439129341
2011-03-01,189.00961679679008,89.86503924096085
2011-03-02,190.97235978686783,90.0572687270255
2011-03-03,192.64074380861183,91.60841201473954
2011-03-04,191.16865131817283,90.92207720981988
2011-03-07,188.9115180283119,90.20824458572011
2011-03-08,189.79472025911107,90.99758928426681
2011-03-09,188.71533615708023,90.86715745605851
2011-03-10,186.0654631473616,89.18557544153626
2011-03-11,189.9911057847647,89.80327607610397
2011-03-14,190.28549608454793,89.26106682018352
2011-03-15,187.63582672925125,88.23839077739977
2011-03-16,182.43461811858563,86.60487820694351
2011-03-17,184.69181407134562,87.75106678224121
2011-03-18,188.32276876019495,88.07025810076716
2011-03-21,187.24322800091645,89.43512539412563
2011-03-22,180.52421431494764,89.12491605266253
2011-03-23,180.4254575860293,89.37998488516763
2011-03-24,180.82068815612462,90.23476970231506
2011-03-25,180.22775613949545,90.51051363870445
2011-03-28,180.4254575860293,90.28992400847287
2011-03-29,181.71001568530693,90.89653169440996
2011-03-30,182.30279104468843,91.52381448423135
2011-03-31,182.30279104468843,91.39975006372582
2011-04-01,185.06942070108036,91.78578191663111
2011-04-04,183.1921342395955,91.8616044280733
2011-04-05,184.77300952280245,91.84785551848324
2011-04-06,185.76110944662784,92.1373345672629
2011-04-07,185.16831842152158,91.90300982464105
2011-04-08,184.97063264071247,91.5858742888837
2011-04-11,182.40159477078106,91.31013035249431
2011-04-12,182.30279104468843,90.62770705371491
2011-04-13,180.82068815612462,90.62079465662046
2011-04-14,182.20387765852246,90.68975306116747
2011-04-15,182.89575439276715,91.02061681071518
2011-04-18,182.50038283114895,90.00038287229415
2011-04-19,181.4057873103713,90.51739154279943
2011-04-20,181.4057873103713,91.75135100455687
2011-04-21,181.70440735584106,92.22008327299933
2011-04-25,182.7989558794444,92.12358565767285
2011-04-26,184.88860690584312,92.91626927856856
2011-04-27,184.7892078822094,93.52290455890525
2011-04-28,185.684582381151,93.82623599627338
2011-04-29,187.17727529965595,94.04681872790508
2011-05-02,183.29638963790634,93.90207230491535
2011-05-03,183.69453403280795,93.56428236107341
2011-05-04,183.4953913395957,92.94388437394689
2011-05-05,179.01762589857617,92.10288295938898
2011-05-06,181.2068012744067,92.50959681477846
2011-05-09,186.67990420409305,92.8680480653049
2011-05-10,188.86904824847406,93.66080757079946
2011-05-11,185.58515202606776,92.67503213885226
2011-05-12,189.36656033555983,93.11621139931545
2011-05-13,187.07786061029748,92.39930199966265
2011-05-16,187.87380475415583,91.81335562041006
2011-05-17,185.18710162551477,91.79960671082
2011-05-18,184.9867213400461,92.61991922429384
2011-05-19,186.2894830115006,92.84046746292606
2011-05-20,184.88636670720172,92.10288295938898
2011-05-23,183.68392833714205,91.0344071119046
2011-05-24,183.7842046413626,90.9585983976622
2011-05-25,186.08905572885763,91.26190224063075
2011-05-26,185.5881285137731,91.68237880281008
2011-05-27,186.1892380387296,92.03394525064165
2011-05-31,187.0911764763477,92.99213318161013
2011-06-01,183.38344407042527,90.9034509901043
2011-06-02,183.68392833714205,90.80693267897814
2011-06-03,182.88229753519403,89.90390595276736
2011-06-06,183.38344407042527,88.95260282449375
2011-06-07,184.78627839167837,88.89742782253627
2011-06-08,184.78627839167837,88.52520696662009
2011-06-09,184.48571579633776,89.2007661585043
2011-06-10,182.38143298300855,87.95995638705146
2011-06-13,182.48148996708238,88.0288871971989
2011-06-14,183.58379302444442,89.1456118523465
2011-06-15,180.87818136601203,87.56012733435685
2011-06-16,180.87818136601203,87.7531501594094
2011-06-17,181.27894193694937,88.01500721421084
2011-06-20,183.90334247820016,88.46529262653497
2011-06-21,184.8117038629719,89.67763187622256
2011-06-22,182.49020011005172,89.13726454647397
2011-06-23,183.4995584223832,88.88096086458772
2011-06-24,186.22464257669841,87.84876475394937
2011-06-27,187.94072873035176,88.63154888399625
2011-06-28,188.44538438793035,89.78845788353024
2011-06-29,188.94994605116034,90.55743791518792
2011-06-30,191.27144980408053,91.42338466696492
2011-07-01,193.29022909164254,92.77425470113712
2011-07-05,193.49211328668864,92.69804586810083
2011-07-06,194.8042430615526,92.80892706420768
2011-07-07,195.006174253773,93.77181984030432
2011-07-08,195.71268277494815,93.10675341885988
2011-07-11,193.29022909164254,91.42338466696492
2011-07-12,193.08832923087166,91.02852950479435
2011-07-13,191.4734436592,91.33332344534016
2011-07-14,190.76698213519913,90.70290869116658
2011-07-15,191.57433092668637,91.22940983512692
2011-07-18,191.372462397365,90.48125667655121
2011-07-19,192.89686274279427,91.94987891232535
2011-07-20,191.47408595391536,91.89444866217177
2011-07-21,194.62474518719563,93.16914435630717
2011-07-22,192.3888859515655,93.2314801049553
2011-07-25,191.2707918436404,92.71189825668931
2011-07-26,187.20558326430623,92.36551265737862
2011-07-27,181.20924512747004,90.47432358365708
2011-07-28,183.6484454705494,90.21105921447713
2011-07-29,177.44887588633733,89.59447615309234
2011-08-01,184.05506502254886,89.21345958231048
2011-08-02,181.71755089891886,86.93432084491292
2011-08-03,183.85170824937484,87.40539863731956
2011-08-04,179.27836622156426,83.31114858583877
2011-08-05,179.1767113335644,83.18649088574229
2011-08-08,162.40741458753126,77.769089374466
2011-08-09,178.0586642228136,81.38532854064603
2011-08-10,169.21672551104533,77.7899024503482
2011-08-11,176.8391972099344,81.2814080318329
2011-08-12,183.03878245987127,81.82866706287625
2011-08-15,191.67736439846556,83.56056056643024
2011-08-16,192.89686274279427,82.84701768352603
2011-08-17,193.20400494253616,82.90244793367962
2011-08-18,185.9382574622701,79.32782112206417
2011-08-19,184.09639120447883,78.03236064224585
2011-08-22,185.5290217342349,78.09471018809377
2011-08-23,190.23625871161164,80.66481807184823
2011-08-24,188.90595669602033,81.8009622856993
2011-08-25,184.8126908036321,80.55399206454054
2011-08-26,186.7570578985605,81.72476724986281
2011-08-29,192.48754868613526,84.0732024232022
2011-08-30,189.72458480933832,84.29489582941694
2011-08-31,191.66899890144106,84.6689655101049
2011-09-01,186.8592767526519,83.78226087124487
2011-09-02,183.89160885035122,81.64163222253228
2011-09-06,182.66361968319987,81.04585533842979
2011-09-07,188.8036595133051,83.33194786452115
2011-09-08,184.8126908036321,82.46600801134406
2011-09-09,182.5613851633837,80.30460767834865
2011-09-12,185.4266618886206,80.82416193221505
2011-09-13,186.24536833056246,81.56541649089608
2011-09-14,186.7570578985605,82.69462761185304
2011-09-15,187.8827028858223,84.12168578326185
2011-09-16,188.2919856110318,84.61959912925872
2011-09-19,187.31261149590048,83.77701103672504
2011-09-20,185.25075146523483,83.67954071881341
2011-09-21,181.02423291799582,81.21447781565493
2011-09-22,179.16864348531044,78.58925701734205
2011-09-23,180.92110545186804,79.0627700155115
2011-09-26,185.1476083333823,80.94288683640212
2011-09-27,187.82791984631925,81.84813491177898
2011-09-28,182.77682021035153,80.17691459429851
2011-09-29,187.10640356081925,80.81060618342204
2011-09-30,183.08606161721193,78.79120663065828
2011-10-03,175.56060775179225,76.54896160549735
2011-10-04,186.90033661726088,78.227177103271
2011-10-05,185.35380060273877,79.67555194835433
2011-10-06,188.03426877292335,81.11698680194361
2011-10-07,185.45713172328848,80.57381174203789
2011-10-10,188.96202432495411,83.26863941328787
2011-10-11,190.71456462013555,83.35224354541124
2011-10-12,190.61149981690684,84.08339855384651
2011-10-13,192.15781651128225,83.91627997139841
2011-10-14,193.2918113298438,85.35076103629387
2011-10-17,189.3743618664928,83.72130484257568
2011-10-18,185.0646113235775,85.3577148249877
2011-10-19,181.63751471109467,84.34801504860582
2011-10-20,181.8451482271295,84.71706944717035
2011-10-21,182.4682994268303,86.32564357900742
2011-10-24,184.33753370578594,87.38408196364507
2011-10-25,181.94888665652311,85.68501889698976
2011-10-26,184.33753370578594,86.5554221442987
2011-10-27,187.24542120238354,89.57060699745684
2011-10-28,187.24542120238354,89.54969044257622
2011-10-31,181.5335412958296,87.3910219551391
2011-11-01,178.00253393098075,84.95381559835523
2011-11-02,181.8451482271295,86.33953046059537
2011-11-03,184.649265962884,87.9133011559639
2011-11-04,186.72607109497542,87.37711437775147
2011-11-07,186.31085106008,87.9202687418575
2011-11-08,187.24542120238354,89.04832779663204
2011-11-09,187.34920662895144,85.76160715302026
2011-11-10,188.59554035980253,86.5693849104855
2011-11-11,191.8148781304524,88.19880661120422
2011-11-14,192.95741076901083,87.36318610456415
2011-11-15,193.58053063726211,87.79492808037145
2011-11-16,194.72279695849954,86.40221803783813
2011-11-17,196.97176840575793,85.03041765158552
2011-11-18,199.4822477965179,84.9399149195675
2011-11-21,196.44875251875482,83.32439389763651
2011-11-22,196.13507771178593,82.99711742003402
2011-11-23,192.8921943568143,81.16571851159948
2011-11-25,194.9844302277992,81.0125282023387
2011-11-28,199.6915575451026,83.35922492850463
2011-11-29,199.37777307806036,83.59595728248974
2011-11-30,204.08488472963896,87.03591652556156
2011-12-01,203.8757786354762,87.02198135377435
2011-12-02,204.92182607520724,86.94537930054406
2011-12-05,207.53690551022285,87.89239149968319
2011-12-06,207.43255611756342,87.9202687418575
2011-12-07,210.88421658647775,88.2475314222602
2011-12-08,207.22313670890537,86.31168771142053
2011-12-09,210.57044778516024,87.77401152549085
2011-12-12,208.3737685271673,86.49276216145552
2011-12-13,205.02631645938953,85.68501889698976
2011-12-14,206.595693100619,84.7728032357193
2011-12-15,206.595693100619,85.07918385424087
2011-12-16,209.41976896972403,85.20530405751501
2011-12-19,210.36137302244703,84.29433014422558
2011-12-20,211.72117359777076,86.8451012524753
2011-12-21,212.61623478221705,87.01326842210739
2011-12-22,213.14293211453995,87.78410417713673
2011-12-23,211.66845843393665,88.5689647857519
2011-12-27,214.82763982148907,88.63903386488195
2011-12-28,217.77635219682418,87.47577815344486
2011-12-29,219.35608388212324,88.37974308924132
2011-12-30,223.67346363299907,87.94526926787574
2012-01-03,228.6230963696641,89.34679572107443
2012-01-04,228.72830737718562,89.4869614737341
2012-01-05,225.35856298306732,89.72519772249623
2012-01-06,224.93715498688974,89.49398424842686
2012-01-09,224.0949656235252,89.71118666611018
2012-01-10,224.4107083061631,90.4890245000326
2012-01-11,225.46380532203835,90.53805974808382
2012-01-12,224.93715498688974,90.7553311517661
2012-01-13,225.46380532203835,90.28584003733522
2012-01-17,227.464678686194,90.63616473718577
2012-01-18,224.44453060593065,91.6382967494832
2012-01-19,228.36539519728044,92.12179202170023
2012-01-20,227.19967728606983,92.46516983145686
2012-01-23,229.53116010566532,92.22690598829514
2012-01-24,231.3325461306639,92.12179202170023
2012-01-25,231.7565233057029,92.89262087812968
2012-01-26,231.43847776152458,92.41613458340562
2012-01-27,232.39225408238997,92.374066921248
2012-01-30,233.13399481856155,92.05872502146327
2012-01-31,234.51170131729162,92.02370082979809
2012-02-01,236.41915996467378,92.8295538778927
2012-02-02,234.93541217500965,92.97670101364578
2012-02-03,236.41915996467378,94.2801500721421
2012-02-06,233.13399481856155,94.21707617330524
2012-02-07,238.2206243182962,94.45533311786707
2012-02-08,238.43259724009093,94.73563013018693
2012-02-09,240.3400088902988,94.85479654476725
2012-02-10,240.12805163422883,94.15399537586849
2012-02-13,240.86999602482234,94.85479654476725
2012-02-14,240.12805163422883,94.73563013018693
2012-02-15,241.92962564792458,94.29417492572794
2012-02-16,243.62487638764054,95.3382711211846
2012-02-17,246.2744517485886,95.59056671653205
2012-02-21,249.24150868762348,95.63262058148989
2012-02-22,254.19762703434122,95.32425316619866
2012-02-23,253.02509453285788,95.74472282977808
2012-02-24,252.70543541902876,95.95492316856833
2012-02-27,250.1473792221576,96.11612275230681
2012-02-28,249.40134607740043,96.39642666322656
2012-02-29,249.40134607740043,96.01803845900456
2012-03-01,254.51723915099603,96.51556548340731
2012-03-02,251.74622309166995,96.22129190770087
2012-03-05,258.7804468256346,95.82880986389408
2012-03-06,251.42640732059317,94.42729720789517
2012-03-07,258.674045223031,95.08601691743652
2012-03-08,258.4608347089798,96.0320426167907
2012-03-09,264.6425923641341,96.40344253931943
2012-03-12,262.40428927544065,96.4104515168124
2012-03-13,271.3573919701411,98.14832610647505
2012-03-14,269.54524359222904,98.04322593707994
2012-03-15,269.971821277579,98.61084963501233
2012-03-16,269.22560014412466,98.74737982552752
2012-03-19,274.4771897256344,99.13446716421669
2012-03-20,266.7605983523574,98.84590562922303
2012-03-21,266.8677832411993,98.68402998269487
2012-03-22,260.2226804446716,97.97317755374958
2012-03-23,261.93773266049044,98.28985778191387
2012-03-26,263.65248722753876,99.6693777014486
2012-03-27,262.04465123201135,99.35969955217739
2012-03-28,262.5807479991932,98.86705673650005
2012-03-29,263.1165627833293,98.69809622788007
2012-03-30,263.97404189406444,99.10634847104606
2012-04-02,266.8677832411993,99.83125334797676
2012-04-03,269.6543083680427,99.42307698940961
2012-04-04,265.688780795388,98.43771547345608
2012-04-05,268.0467856870106,98.38843877440854
2012-04-09,266.1175516822051,97.28339344888258
2012-04-10,251.64886061225567,95.65051554961663
2012-04-11,257.2218638687682,96.42471782139457
2012-04-12,261.1873914414229,97.68458842435633
2012-04-13,260.0087023101069,96.52329881388923
2012-04-16,264.6168379126205,96.4599282752569
2012-04-17,267.40348836526204,97.88873179243906
2012-04-18,267.83457777934433,97.55789563729094
2012-04-19,269.451531226685,96.93149586825606
2012-04-20,268.0502634779084,97.09336461618432
2012-04-23,267.29570817887907,96.27692911585129
2012-04-24,278.9360309711379,96.64296882626186
2012-04-25,287.55841455032515,97.96612718465724
2012-04-26,283.2474890780525,98.648854021832
2012-04-27,281.9540641785579,98.81072966836015
2012-04-30,276.0261539274951,98.44472445094905
2012-05-01,277.75057424672343,99.05705107619883
2012-05-02,277.8583857645559,98.76143917211283
2012-05-03,274.40938846885166,98.00835351461244
2012-05-04,266.5413095370974,96.42471782139457
2012-05-07,276.4572120101279,96.49516632351882
2012-05-08,273.6550211585195,96.10800999883068
2012-05-09,273.6550211585195,95.53792350073591
2012-05-10,272.7927483360063,95.73498200672682
2012-05-11,268.2660118393715,95.44641357313327
2012-05-14,255.87107108518433,94.39068633825421
2012-05-15,258.6733245996918,93.84871853333007
2012-05-16,258.88886930673294,93.48978438081099
2012-05-17,252.49277320534435,92.10323478798361
2012-05-18,238.94113799741123,91.31493177802099
2012-05-21,250.97471747844494,92.88447363165409
2012-05-22,253.46830921790828,93.04634927818225
2012-05-23,255.961806963023,93.09561218003
2012-05-24,255.20292792395858,93.2786182380355
2012-05-25,252.49277320534435,92.97594906625726
2012-05-29,254.55248703171722,94.10209720886098
2012-05-30,252.16742743342556,92.73665043311135
2012-05-31,251.62529936220918,92.53256915242767
2012-06-01,248.04773346335884,90.20287747500205
2012-06-04,239.04943515271145,90.16065114504686
2012-06-05,250.43287139027433,90.84335728642193
2012-06-06,253.2516992415831,92.88447363165409
2012-06-07,250.54124687419835,92.94080759839387
2012-06-08,254.76925366529005,93.67979251770957
2012-06-11,252.16742743342556,92.49033592387256
2012-06-12,260.29843988963495,93.55311352784396
2012-06-13,261.16566308117393,92.95490143797865
2012-06-14,268.9711574424921,93.94022846093272
2012-06-15,265.50207668763915,94.90098956966189
2012-06-18,267.4534620272623,95.08490624285348
2012-06-19,270.6706379278946,96.0046758710086
2012-06-20,258.6748755064435,95.84899516718585
2012-06-21,256.27552876716624,93.69826006962757
2012-06-22,253.87619769361368,94.41992260460778
2012-06-25,255.40321421507866,92.90590758152679
2012-06-26,255.62123410663267,93.37282551819695
2012-06-27,257.4751316410434,94.21473064934106
2012-06-28,257.25695509224175,93.94590600864602
2012-06-29,263.9093424507851,96.28764954008759
2012-07-02,271.54318746585363,96.57769427405862
2012-07-03,271.97919591751213,97.2144143485359
2012-07-05,270.99755027228986,96.77578757003373
2012-07-06,269.6890862770209,95.8560386376783
2012-07-09,272.3064215764027,95.73577534571471
2012-07-10,264.454572335505,94.90098956966189
2012-07-11,265.6541282122079,94.91511790224615
2012-07-12,265.87235175818387,94.45524343606843
2012-07-13,273.28791056437734,96.04001049966904
2012-07-16,275.14166710726516,95.81361224832614
2012-07-17,277.1046137517648,96.47156621327919
2012-07-18,273.54019139599234,97.18607490016863
2012-07-19,267.398224681741,97.44078500547921
2012-07-20,268.7143022192457,96.54936862289114
2012-07-23,267.06915046732814,95.5730649685993
2012-07-24,266.08208448133723,94.75237993073115
2012-07-25,272.8820429671666,94.77361382120692
2012-07-26,269.70143086813573,96.33714699433176
2012-07-27,274.41765997152754,98.11294318761536
2012-07-30,273.6499141322461,98.11294318761536
2012-07-31,268.8241189498481,97.42664977429506
2012-08-01,270.9079736580838,97.34177629979108
2012-08-02,271.6757821602643,96.6696595092543
2012-08-03,271.4563366877567,98.58695978357713
2012-08-06,276.39182327495894,98.77793372446095
2012-08-07,278.1467604260294,99.27320490669815
2012-08-08,283.84986752671495,99.39344750286206
2012-08-09,284.6177386917945,99.47834167316573
2012-08-10,290.8696474624463,99.64107964468072
2012-08-13,296.2437430116181,99.59155459603696
2012-08-14,298.98584014302804,99.605696725821
2012-08-15,301.8376286792423,99.71889585149246
2012-08-16,305.01811545247506,100.45467982045705
2012-08-17,304.7423986966117,100.58909214080457
2012-08-20,302.8680887228322,100.59619080009617
2012-08-21,295.5913909009554,100.29195564614184
2012-08-22,290.40951379464974,100.33443032569325
2012-08-23,280.0456655876899,99.5137452878251
2012-08-24,287.76338489315,100.1150686462429
2012-08-27,293.0555800332505,100.13631633391844
2012-08-28,293.4964761910357,100.03726623663094
2012-08-29,293.71720625297405,100.1150686462429
2012-08-30,290.7403425702363,99.39344750286206
2012-08-31,293.386346145938,99.86749859182329
2012-09-04,297.7963729930738,99.77548506642835
2012-09-05,302.8680887228322,99.69060469332446
2012-09-06,305.9552704393648,101.71393644802819
2012-09-07,305.7349163548208,102.11019892457726
2012-09-10,305.9552704393648,101.5300266734365
2012-09-11,306.0656824675083,101.81302793691506
2012-09-12,307.60885035120594,102.1526460097291
2012-09-13,312.46046264801663,103.70903913196297
2012-09-14,316.6500727477094,104.16891359814069
2012-09-17,322.4935134108395,103.81518788854208
2012-09-18,322.3826627424026,103.73027302243874
2012-09-19,320.387852013731,103.78684844017482
2012-09-20,323.2692801012006,103.7939953896657
2012-09-21,327.2589015585438,103.7505893991285
2012-09-24,323.60161278636457,103.59410155911807
2012-09-25,323.0473907756296,102.49165010715251
2012-09-26,320.49857735636976,101.91554113134968
2012-09-27,325.9288501945487,102.87571585908782
2012-09-28,327.0370748958719,102.39920196996418
2012-10-01,331.2486170102356,102.66943392503775
2012-10-02,335.237893821634,102.77612767100852
2012-10-03,334.35143312008364,103.19579019840029
2012-10-04,338.2301099146414,103.9355339637044
2012-10-05,337.7869892239396,103.94258433279674
2012-10-08,337.56522522416674,103.58698220402678
2012-10-09,330.25108632010165,102.56277467206642
2012-10-10,327.4804462381699,101.90844937065798
2012-10-11,327.8128102547834,101.96530763098976
2012-10-12,326.26133953696035,101.63102217589429
2012-10-15,324.4881048193644,102.47742519416971
2012-10-16,330.69455165674833,103.51583004471327
2012-10-17,333.03328770690996,103.98530046334446
2012-10-18,331.91942334467143,103.71502021807164
2012-10-19,323.67718424263074,101.98670018926309
2012-10-22,331.8082906931887,102.00086301484683
2012-10-23,329.5805306372621,100.58553246325891
2012-10-24,327.4641852158639,100.30097901480406
2012-10-25,334.14712073769897,100.59261732535073
2012-10-26,331.1399595432658,100.53571077481969
2012-10-31,334.48123931548616,100.53571077481969
2012-11-01,340.60750897352295,101.58835433554583
2012-11-02,333.478789587776,100.68507925973884
2012-11-05,331.91942334467143,100.89133359938934
2012-11-06,333.70171285118147,101.68083006713373
2012-11-07,326.6844394314125,99.3763389751233
2012-11-08,339.4935819483853,98.181466980369
2012-11-09,334.5926852814641,98.26676816806645
2012-11-12,341.9437952959745,98.34506727687082
2012-11-13,341.7210600212662,98.00362107508471
2012-11-14,306.30154561956965,96.68070416768565
2012-11-15,307.9723264972027,96.5171383641833
2012-11-16,328.80100417295745,96.99367294910661
2012-11-19,335.1819985156726,98.95672473793081
2012-11-20,333.0549064070856,98.99942707127875
2012-11-21,338.09262751410404,99.18433714285517
2012-11-23,337.30899662991095,100.53571077481969
2012-11-26,341.675284773503,100.3223508772777
2012-11-27,340.5555614302023,99.81022641549784
2012-11-28,339.66004593973787,100.61394779622502
2012-11-29,344.1379993694546,101.08337682325684
2012-11-30,343.13063060416823,101.10472798993081
2012-12-03,345.25740939825994,100.60682154253384
2012-12-04,332.9428964750161,100.46460690570545
2012-12-05,338.20473144052215,100.64239762219059
2012-12-06,337.19720601798815,100.98379553377744
2012-12-07,335.8535881363466,101.28963116290733
2012-12-10,328.01705997426905,101.33235419205495
2012-12-11,323.98683295833507,102.02225557312016
2012-12-12,323.5392318703505,102.07199447836065
2012-12-13,320.1803124920448,101.44610520571797
2012-12-14,323.6510224822733,101.06917260607374
2012-12-17,333.1672296536504,102.25693214433664
2012-12-18,328.89117608470457,103.3949251829595
2012-12-19,335.86721731689215,102.62680747628865
2012-12-20,338.90533398346093,103.21714136507426
2012-12-21,337.7804096195383,102.28025631058048
2012-12-24,338.00521276991554,101.96505928139355
2012-12-26,336.3175755724354,101.53526271075654
2012-12-27,337.55510516596854,101.39916023343483
2012-12-28,333.61696128020304,100.3032486541694
2012-12-31,343.2937107989715,102.00802376153747
2013-01-02,351.2614550716805,104.62251033841427
2013-01-03,351.03367543359786,104.38609532002432
2013-01-04,352.1717590063231,104.84457626902332
2013-01-07,350.00910570251966,104.55803602379879
2013-01-08,351.2614550716805,104.25721567679231
2013-01-09,353.53774754292897,104.52222539174562
2013-01-10,357.9766933179809,105.35313415465764
2013-01-11,361.2777121775553,105.34597340796698
2013-01-14,364.2371242429049,105.27435214386064
2013-01-15,362.64373204561076,105.34597340796698
2013-01-16,358.18348088487846,105.33164501598579
2013-01-17,361.9576046323548,106.01215050399446
2013-01-18,362.6435753883631,106.24848963778557
2013-01-22,364.930771204048,106.82152873663526
2013-01-23,362.5293095919275,106.99342115021047
2013-01-24,357.95498062345666,107.02207793417287
2013-01-25,355.0957978651534,107.62382210718424
2013-01-28,353.9520746315128,107.49488037655318
2013-01-29,358.2980286643599,107.91747480890017
2013-01-30,357.95498062345666,107.49488037655318
2013-01-31,364.01598687212265,107.22984306720029
2013-02-01,369.2767252368951,108.33296368335564
2013-02-04,362.7580605049455,107.11524352575023
2013-02-05,364.47342603525965,108.19681981443456
2013-02-06,366.5318709379265,108.27565701403071
2013-02-07,362.9867487550644,108.13238689141845
2013-02-08,365.3885236816803,108.73406207843087
2013-02-11,359.2127503333862,108.7125798383589
2013-02-12,364.8167560592086,108.89170198462371
2013-02-13,363.32989079031626,108.98477099580255
2013-02-14,361.6145565914516,109.08506973967098
2013-02-15,366.3030260305599,108.95614180623971
2013-02-19,373.65695587552796,109.77274287297021
2013-02-20,368.37134033982875,108.40459184606188
2013-02-21,349.7576081571429,107.74556169952527
2013-02-22,364.69465740039044,108.79855708884604
2013-02-25,357.9157849800947,106.72843902965674
2013-02-26,364.57970231206514,107.4590697445
2013-02-27,365.4988417154752,108.81289927802703
2013-02-28,366.8775821520398,108.59800099270852
2013-03-01,370.43952932329944,108.95614180623971
2013-03-04,374.4613595107594,109.53634855037996
2013-03-05,375.72523885334726,110.51767438539511
2013-03-06,378.5978314720494,110.66803626869908
2013-03-07,379.5168142182118,110.86867514803534
2013-03-08,383.6530668593551,111.34136031421743
2013-03-11,390.54755232841626,111.7639754423641
2013-03-12,390.8918849587502,111.51331481519168
2013-03-13,393.30481388139873,111.67080985078674
2013-03-14,395.02832558859063,112.26540707430723
2013-03-15,391.2367188922766,112.11719755417039
2013-03-18,392.3859251295849,111.49846902821838
2013-03-19,386.55670894454136,111.23941280497417
2013-03-20,385.51807139262417,112.01648489430828
2013-03-21,379.4004492146576,111.05957320432032
2013-03-22,379.7469123835596,111.95176223009659
2013-03-25,376.3995229786809,111.48402336003896
2013-03-26,374.89884054054585,112.37618479141565
2013-03-27,372.24415815332435,112.37618479141565
2013-03-28,370.39735719223216,112.72157699234153
2013-04-01,369.35840632581966,112.27544453715396
2013-04-02,370.85918275830335,112.82946419609408
2013-04-03,359.5474642087145,111.68549007136257
2013-04-04,357.9314507048597,112.13879017184067
2013-04-05,360.7018401351952,111.63511649493176
2013-04-08,361.50947090972824,112.39062356099518
2013-04-09,357.9314507048597,112.77908372106339
2013-04-10,363.587121990957,114.16055594436831
2013-04-11,359.08570130554233,114.53469461105522
2013-04-12,357.7006005847232,114.25404577014072
2013-04-15,347.08143239554386,111.60636313057084
2013-04-16,354.46882422860995,113.25396954061189
2013-04-17,339.5613205422691,111.59918858668038
2013-04-18,329.35250034758326,110.90129172833727
2013-04-19,334.6890608202182,111.86536416501589
2013-04-22,338.1692015767552,112.36184950083455
2013-04-23,339.5613205422691,113.52020720634644
2013-04-24,343.50579338083963,113.59218029904741
2013-04-25,342.80989055533036,114.05262734901638
2013-04-26,343.1579202967088,113.85117443489257
2013-04-29,344.66568364243767,114.61382155184694
2013-04-30,348.7261141757185,114.88721996427215
2013-05-01,336.5452925476189,113.87991400205371
2013-05-02,339.90960093524376,114.93756594630337
2013-05-03,340.72171210705955,116.10310509430559
2013-05-06,343.04183727620045,116.39814441460034
2013-05-07,345.59419114925714,116.98812647479131
2013-05-08,346.870133099914,117.52054661746125
2013-05-09,344.43398757316385,117.18952420011597
2013-05-10,346.870133099914,117.57092019389205
2013-05-13,353.3667091599451,117.66441001966446
2013-05-14,359.863159894178,118.88038483149653
2013-05-15,359.39923512098835,119.5207266709185
2013-05-16,361.4874762321582,118.95949797508847
2013-05-17,356.9989641039499,120.11063974511053
2013-05-20,356.8822231230014,120.10346520122009
2013-05-21,362.2451020132415,120.27615095378317
2013-05-22,359.447046912971,119.38403781260574
2013-05-23,342.89119566686054,119.03865251027977
2013-05-24,346.5055290217342,118.93790535741819
2013-05-28,344.7567954976707,119.65022718814103
2013-05-29,343.59079560341434,118.87315509880692
2013-05-30,345.5729797579254,119.31201642970551
2013-05-31,338.1109250806295,117.59967355825299
2013-06-03,327.61814795885397,118.24718994156541
2013-06-04,317.0082852101851,117.67878670184493
2013-06-05,317.0082852101851,116.03118029180388
2013-06-06,325.0527915342423,117.08164389496329
2013-06-07,327.5013756464559,118.57101022062068
2013-06-10,330.8826030168269,118.57101022062068
2013-06-11,325.0527915342423,117.34784706769838
2013-06-12,318.4073910889441,116.37653799973026
2013-06-13,325.0527915342423,118.14649797750297
2013-06-14,324.35353624363336,117.40539518801961
2013-06-17,331.23235598792957,118.31196779457625
2013-06-18,332.2286647515318,119.24729376549382
2013-06-19,325.5467318360817,117.59967355825299
2013-06-20,314.9959288697767,114.68573945574876
2013-06-21,319.68496227497656,115.05393152932646
2013-06-24,309.83802032236144,113.6000791959268
2013-06-25,313.12052229526364,114.69225863264921
2013-06-26,314.2925064963802,115.82783716130892
2013-06-27,323.67101194707334,116.50774936972667
2013-06-28,324.60876223150416,116.03035245981651
2013-07-01,321.3263542529505,116.71022327663489
2013-07-02,323.31900311160456,116.6017220974917
2013-07-03,325.5467318360817,116.65238541511808
2013-07-05,328.0084124941988,117.91086939950102
2013-07-08,332.81484484078726,118.58362086122811
2013-07-09,338.5590901347056,119.43701905979673
2013-07-10,341.95870906595076,119.4804388475337
2013-07-11,343.01376429742163,121.1078185626836
2013-07-12,348.7576962768447,121.15849567750978
2013-07-15,355.90909963205127,121.62141932484093
2013-07-16,355.7918573479103,121.16572541019937
2013-07-17,360.3638051262168,121.47675568504994
2013-07-18,361.190015450321,122.14216703648911
2013-07-19,360.953932978113,122.35919698917506
2013-07-22,364.37567191272626,122.5978057623315
2013-07-23,364.6117543849343,122.3374663995069
2013-07-24,361.0718018912446,121.88902981195452
2013-07-25,363.6679571307442,122.18558682422609
2013-07-26,363.07804859899466,122.31577720143808
2013-07-29,360.8360014020824,121.93965173798152
2013-07-30,363.4317180012885,121.93965173798152
2013-07-31,362.06789133470016,122.02647751625568
2013-08-01,363.60961797171944,123.43686867031901
2013-08-02,367.0489651809685,123.64659990431642
2013-08-05,366.2186817684253,123.46576000667784
2013-08-06,363.13522849438675,122.76422758619024
2013-08-07,362.4236912755621,122.36635773586572
2013-08-08,365.27009080245716,122.81489090381662
2013-08-09,366.93031298159866,122.46042704402927
2013-08-12,368.59047249784106,122.31577720143808
2013-08-13,349.85273043791574,122.6773604163167
2013-08-14,349.85273043791574,122.04812532272513
2013-08-15,345.46457294255185,120.34113576479086
2013-08-16,344.8715312658493,119.94336249486486
2013-08-19,344.5738511638654,119.1766796969721
2013-08-20,348.8660404293192,119.76253639442606
2013-08-21,346.7196481478218,119.0248001216913
2013-08-22,346.95814314164363,120.10972912992443
2013-08-23,347.4351331292873,120.51474592973983
2013-08-26,348.6274827725983,120.06636453098662
2013-08-27,345.52764315045556,118.13515667927616
2013-08-28,347.3159169638259,118.55464674167054
2013-08-29,353.39672468859476,118.74268877759914
2013-08-30,347.19688878706165,118.36659090854215
2013-09-03,350.893028556658,118.90179808556954
2013-09-04,353.9928055159017,119.88549703894846
2013-09-05,352.44280737620653,120.03734901982968
2013-09-06,351.6083568808759,120.09525586734544
2013-09-09,352.20462569688,121.24533525298374
2013-09-10,354.7082278344681,122.14216703648911
2013-09-11,354.58894900610767,122.5254946382357
2013-09-12,354.7082278344681,122.20001869520571
2013-09-13,356.01988763758914,122.47483132060933
2013-09-16,356.3774421396247,123.18367625698527
2013-09-17,356.9734916354821,123.73342568259059
2013-09-18,358.2919816946006,125.16553362912231
2013-09-19,356.4941831205732,124.95580239512489
2013-09-20,356.73380604657814,124.08212231286599
2013-09-23,357.6927990537902,123.50797943803316
2013-09-24,358.1724208831944,123.21723104687288
2013-09-25,358.1724208831944,122.86107013151145
2013-09-26,360.0901562460224,123.33352764389703
2013-09-27,361.52855176249193,122.76658690735422
2013-09-30,358.7716348554543,122.11242027374334
2013-10-01,362.1281103806967,123.0791348741816
2013-10-02,361.52855176249193,122.96281068275788
2013-10-03,357.33320800753523,121.82897060127162
2013-10-04,360.32984183492636,122.75207225317585
2013-10-07,357.0936164129798,121.69092961737951
2013-10-08,356.0148119427653,120.27361226902194
2013-10-09,356.9735229669316,120.36085196328979
2013-10-10,364.0460024007723,122.95562234166765
2013-10-11,370.1595514903,123.74782995917063
2013-10-14,362.60751288995414,124.24201806122439
2013-10-15,359.97037611446945,123.34078497098622
2013-10-16,361.0492432475831,125.06331017588326
2013-10-17,363.4593523397739,125.89921352511901
2013-10-18,363.5800097519137,126.74959013693376
2013-10-21,361.77234177128435,126.75681986962336
2013-10-22,360.3259254037351,127.49091368161375
2013-10-23,362.85666057661615,126.88040138813628
2013-10-24,364.3029829498168,127.30193343609947
2013-10-25,368.40035326209346,127.88341642122023
2013-10-28,370.2079272483742,128.0868699293135
2013-10-29,372.7388504099524,128.77012106008024
2013-10-30,367.55669132060103,128.1305104722471
2013-10-31,366.35165244023034,127.7670922297965
2013-11-01,362.2542194650547,128.0723966667345
2013-11-04,368.6414174347767,128.52304080625316
2013-11-05,367.6771920754931,128.11598202086896
2013-11-06,367.43612790280986,128.77012106008024
2013-11-07,362.85666057661615,127.14201009334151
2013-11-08,364.90545539282783,128.8573469571483
2013-11-11,366.59240329841833,128.87916033001522
2013-11-12,369.00266904785684,128.61746884161124
2013-11-13,371.2924027109537,129.64949938585215
2013-11-14,372.97985191973663,130.29642248957362
2013-11-15,377.31803575310033,130.86333563171686
2013-11-18,379.0052343102871,130.4054617595086
2013-11-19,375.7346696196558,130.1219844926373
2013-11-20,375.8561103180338,129.71495330165266
2013-11-21,382.396801059003,130.76160887767023
2013-11-22,385.0616974987712,131.41569272808238
2013-11-25,389.42215799275067,131.28490907127943
2013-11-26,391.36010214052544,131.32119570672535
2013-11-27,396.2050095071367,131.64106998664087
2013-11-29,399.1122233775694,131.5538440895728
2013-12-02,384.5768746487451,131.21221162558953
2013-12-03,384.94028813184275,130.6452846862465
2013-12-04,387.48408851917776,130.63072864046876
2013-12-05,382.15448362833854,130.05657196843615
2013-12-06,389.42215799275067,131.5102035466392
2013-12-09,391.8445176817077,131.84450969753433
2013-12-10,390.754527884011,131.37209357674814
2013-12-11,391.60220025104326,129.89670381447732
2013-12-12,384.5768746487451,129.4678178590264
2013-12-13,387.9684100660115,129.45333079924765
2013-12-16,388.08985076438944,130.26009446252837
2013-12-17,392.85094650350817,129.84576455285517
2013-12-18,396.757476956698,132.0625606430047
2013-12-19,392.24035921506885,131.90992222173548
2013-12-20,399.68718680789317,132.67723969081854
2013-12-23,400.05342012144854,133.38609842439428
2013-12-24,404.44831387846136,133.67843349353032
2013-12-26,404.50972351954005,134.35806975795228
2013-12-27,404.2642729439226,134.35070205326477
2013-12-30,398.7432015650059,134.32879209999933
2013-12-31,401.07438673583084,134.96452567469169
2014-01-02,395.9212719001937,133.67107958604262
2014-01-03,408.43567947143845,133.6491282411778
2014-01-06,413.95718949064855,133.26188223469106
2014-01-07,417.6373502209846,134.08029073459397
2014-01-08,415.674466239384,134.1095683925469
2014-01-09,415.5516469572267,134.19722200280842
2014-01-10,416.90143713442563,134.5625994476291
2014-01-13,415.1836904139472,132.772233411368
2014-01-14,425.48973209652434,134.21918714487302
2014-01-15,425.24415619510876,134.94265711302563
2014-01-16,439.97567112944,134.76725331210403
2014-01-17,420.9912878988151,134.19722200280842
2014-01-21,431.9629348952061,134.59183571398268
2014-01-22,433.07250684885906,134.67957210744294
2014-01-23,429.1278773530408,133.57609966269297
2014-01-24,421.73102342221677,130.7261362770119
2014-01-27,412.1151195784353,130.08300740323247
2014-01-28,418.6489487319575,130.85767877980325
2014-01-29,411.1291815246275,129.6007538789965
2014-01-30,419.2653323385598,130.97456865641834
2014-01-31,417.66247804350763,130.2072511873353
2014-02-03,402.376302458148,127.27693291008123
2014-02-04,401.7601381716924,128.16845277166772
2014-02-05,397.322288997374,128.0077153941222
2014-02-06,402.99259207040177,129.69572000514634
2014-02-07,410.75940775727526,131.30338352179734
2014-02-10,415.56728135054215,131.54458616851417
2014-02-11,419.6351687688111,132.9841584001319
2014-02-12,424.81253414638445,133.04992965152758
2014-02-13,427.40160847829026,133.7368370402385
2014-02-14,427.77157023433966,134.474918242968
2014-02-18,434.8936786842358,134.63568321491312
2014-02-19,429.81522669282845,133.74416335332663
2014-02-20,436.9994654071424,134.53339077567512
2014-02-21,435.3893735472488,134.37993831961833
2014-02-24,437.99060448157223,135.12534583543598
2014-02-25,427.21415241575266,135.07417202141738
2014-02-26,430.4346494500351,135.08148453730573
2014-02-27,431.177768769986,135.79032947368168
2014-02-28,434.76995079004206,136.13376937083734
2014-03-03,428.20507217003575,135.1764368662558
2014-03-04,427.4618901871858,137.0764768436422
2014-03-05,424.489099592887,137.20069303334543
2014-03-06,423.2504733986202,137.5149104613473
2014-03-07,421.02089611862084,137.57339679125423
2014-03-10,431.4256318672173,137.50032682117
2014-03-11,428.0809369669982,136.82067675954826
2014-03-12,429.81522669282845,136.8572807305893
2014-03-13,425.60384123571237,135.3226457924232
2014-03-14,420.153735589981,134.94265711302563
2014-03-17,423.6219703956966,136.16297804279134
2014-03-18,420.82144011091333,137.1349493763493
2014-03-19,416.7141377291357,136.40415309510857
2014-03-20,417.7100705153436,137.20069303334543
2014-03-21,414.7227734599124,136.6685074430719
2014-03-24,415.34495338467775,136.1033465453019
2014-03-25,414.84697132584904,136.74926245343877
2014-03-26,403.2715986284658,135.76571526925753
2014-03-27,409.37067258831064,135.47946476522858
2014-03-28,408.7483046748481,136.1473872070294
2014-03-31,408.99707638411576,137.26304257919335
2014-04-01,410.3664487172709,138.17323005209477
2014-04-02,417.4609228286816,138.6356707974333
2014-04-03,417.4609228286816,138.4521542430356
2014-04-04,412.9800869056081,136.81529585163042
2014-04-07,405.51226724159875,135.30332971271815
2014-04-08,390.8249609825543,135.86113670300045
2014-04-09,398.4175424785918,137.32176346149666
2014-04-10,391.32284904703437,134.43722429314357
2014-04-11,392.5677728626566,133.22614748723672
2014-04-14,394.4347512772461,134.27574186680943
2014-04-15,393.81216404363687,135.2005957630869
2014-04-16,395.8765305902649,136.61712667105647
2014-04-17,394.87567876648086,136.8079833357421
2014-04-21,394.50045332691036,137.2850491128573
2014-04-22,401.3819049129671,137.9089584873302
2014-04-23,402.50811386632046,137.58603502626124
2014-04-24,404.1347800630154,137.86489023120313
2014-04-25,398.6293117459646,136.73459603006273
2014-04-28,390.99715862917077,137.1676349426502
2014-04-29,393.3742757050066,137.80622453769894
2014-04-30,393.3742757050066,138.21728451102206
2014-05-01,396.6273574468002,138.23192333999853
2014-05-02,392.3736432013692,138.03378175382414
2014-05-05,392.6235428428199,138.29799812978956
2014-05-06,388.1192396640485,137.0942752313704
2014-05-07,389.7459685236425,137.90165976864165
2014-05-08,385.6167027957444,137.75480237408416
2014-05-09,369.7268015093926,137.96035305654542
2014-05-12,375.6073699402157,139.30356564483455
2014-05-13,378.10987547707026,139.42834751972913
2014-05-14,377.8596311896747,138.76772379661685
2014-05-15,374.8569503925243,137.5492930832223
2014-05-16,378.8196268032718,138.02645544073602
2014-05-19,381.5875410490944,138.5328816590029
2014-05-20,380.32967734481633,137.65936714314145
2014-05-21,379.8261496194208,138.819187351831
2014-05-22,383.6003360297962,139.15672204747685
2014-05-23,394.6720556759858,139.7145980237581
2014-05-27,396.0559344702733,140.5733909274443
2014-05-28,392.5334022625223,140.47064318061328
2014-05-29,395.42683029516184,141.19717612711912
2014-05-30,390.3942475458663,141.42473334324433
2014-06-02,391.14942947388624,141.58627095837764
2014-06-03,392.28159140265024,141.51280086949953
2014-06-04,391.4010523450611,141.79907896792807
2014-06-05,395.93017003186014,142.72396045860512
2014-06-06,399.4528902283084,143.4065217293824
2014-06-09,399.4528902283084,143.55335152954032
2014-06-10,397.0625512807709,143.56807314171553
2014-06-11,394.92374121005975,143.06890425053783
2014-06-12,398.1949011982321,142.05592763920598
2014-06-13,395.5528140537217,142.48903553779243
2014-06-16,395.6784531663367,142.60650489679867
2014-06-17,396.55918021262306,143.00285705514636
2014-06-18,401.9532338951454,144.0524376375193
2014-06-19,399.2879614779828,144.21392006385344
2014-06-20,399.54174621917525,144.50666904898316
2014-06-23,400.55729249278886,144.4624628208582
2014-06-24,400.937938273128,143.5922458357464
2014-06-25,404.8725103736471,144.2412109250367
2014-06-26,410.8049950163413,144.13799407341284
2014-06-27,414.75977590180725,144.41822899833363
2014-06-30,420.1182683891131,144.34449676265953
2014-07-01,419.3525590940511,145.31059048910728
2014-07-02,417.0561518322044,145.45811014925465
2014-07-03,416.2908811774359,146.17345356673135
2014-07-07,412.71871995362943,145.66458524410177
2014-07-08,407.6152654654972,144.72794853920422
2014-07-09,411.1875206836522,145.37699641169326
2014-07-10,409.91179805314204,144.80170836927792
2014-07-11,410.8049950163413,145.00082955663734
2014-07-14,410.8049950163413,145.73092218068882
2014-07-15,412.08078030975054,145.45811014925465
2014-07-16,410.8049950163413,145.99644929063422
2014-07-17,403.559659975444,144.3370600719731
2014-07-18,407.40656668017834,145.81211870144895
2014-07-21,405.99608748523997,145.53921008961626
2014-07-22,404.2006387699273,146.17345356673135
2014-07-23,407.79134821185545,146.4979637057761
2014-07-24,409.45865129859067,146.50533141046358
2014-07-25,409.9716097902947,145.81950020333622
2014-07-28,409.0737444411155,145.87851082683514
2014-07-29,405.354952033509,145.25152467680923
2014-07-30,401.89248221450686,145.27369677687065
2014-07-31,389.58179172810566,142.40484502467802
2014-08-01,395.60867802823356,141.96968134332297
2014-08-04,399.71247128766385,142.9948408820688
2014-08-05,399.4561173676099,141.60829128924138
2014-08-06,399.19951279595983,141.65259409776488
2014-08-07,397.53267968096753,140.88559396427698
2014-08-08,404.0726497985975,142.51545717538897
2014-08-11,409.20195273259196,142.92846255388238
2014-08-12,409.9716097902947,142.729272380524
2014-08-13,418.05017339999097,143.69546268737028
2014-08-14,414.71613119261207,144.37396758140952
2014-08-15,415.1009127242891,144.34449676265953
2014-08-18,417.6142589426811,145.55393170179147
2014-08-19,415.0364952640556,146.3136607109904
2014-08-20,415.2942277678888,146.7044939894224
2014-08-21,413.74742543604566,147.1321933856914
2014-08-22,415.42306268835586,146.90358758238222
2014-08-25,417.7430312002491,147.64848460180764
2014-08-26,418.7743685244258,147.7443613431436
2014-08-27,417.09891926081275,147.68533692244492
2014-08-28,419.0319757024609,147.6042507792831
2014-08-29,419.676369624943,148.02462386246398
2014-09-02,420.9655961102005,147.95090542398967
2014-09-03,420.32129618206704,147.86970890322954
2014-09-04,420.0630937064909,147.65586610369493
2014-09-05,421.22314062533655,148.31963558835918
2014-09-08,418.7743685244258,147.93607343421615
2014-09-09,417.3564637759488,146.99947812091796
2014-09-10,419.290178178037,147.5525802660721
2014-09-11,419.9343214489229,147.72223063468155
2014-09-12,419.41904442995366,146.85938135425724
2014-09-15,410.6539460981575,146.74871401474715
2014-09-16,412.9739146100507,147.85498729105436
2014-09-17,412.7147095280896,148.05410847841375
2014-09-18,411.03033080136055,148.84325311756353
2014-09-19,415.4361592342594,148.70917193001094
2014-09-22,405.8470751112756,147.56066542514864
2014-09-23,401.31172246602006,146.71600085404665
2014-09-24,405.06986717423615,147.86447976450938
2014-09-25,404.4218388036086,145.47862658534137
2014-09-26,409.21639653082525,146.63443180889223
2014-09-29,407.0132003313301,146.36770434256516
2014-09-30,397.0355435712761,145.98243133564827
2014-10-01,393.1484386167948,144.0041198438571
2014-10-02,396.7764638151131,144.0263057411183
2014-10-03,398.3315063181826,145.61193512970576
2014-10-06,395.22170329508936,145.44149832070832
2014-10-07,393.92539590223805,143.19645936259008
2014-10-08,395.09183443678785,145.70081669074852
2014-10-09,393.1484386167948,142.8111725584734
2014-10-10,384.8551292520204,141.18104720056542
2014-10-13,375.52525021099774,138.86187588797915
2014-10-14,368.0095247606571,139.0767258830984
2014-10-15,356.08815886611484,138.1357430602672
2014-10-16,384.3820870270175,138.0171699252778
2014-10-17,390.6407320593183,139.64730908038558
2014-10-20,393.7700232440191,141.0032426868805
2014-10-21,399.7680219476804,143.7965685674264
2014-10-22,396.8994397545181,142.77414087423887
2014-10-23,397.5511965676397,144.43386122569493
2014-10-24,403.418887772706,145.5452394659242
2014-10-27,401.462959372901,145.3452076633787
2014-10-28,407.85197456669584,147.01232331392183
2014-10-29,412.937037493954,146.79005042531594
2014-10-30,412.937037493954,147.73108843694627
2014-10-31,414.3712972590856,149.4204589707496
2014-11-03,415.28382572664486,149.5019452327053
2014-11-04,415.8054943613182,148.9832946954251
2014-11-05,416.84861231051815,149.92431890985566
2014-11-06,411.37234490442927,150.52446950629135
2014-11-07,420.7603751157795,150.66525613294155
2014-11-10,420.49944680409425,151.13945209250056
2014-11-11,419.58685567363597,151.2876754098372
2014-11-12,421.80339907063086,151.12460630552727
2014-11-13,422.19444689221393,151.2950569117245
2014-11-14,422.5857453653932,151.332088595959
2014-11-17,422.5857453653932,151.42848963088696
2014-11-18,423.1097011958823,152.30273539833723
2014-11-19,423.3723840687412,152.05822142367097
2014-11-20,425.2071850846635,152.32496268719783
2014-11-21,422.19250434234306,153.14005985915128
2014-11-24,424.81397539306283,153.56974605218997
2014-11-25,424.02765000421016,153.45862340508683
2014-11-26,428.35317593196373,153.85136069708972
2014-11-28,425.60039477626407,153.52531906886838
2014-12-01,421.2750881686572,152.45832642036135
2014-12-02,414.0656276374716,153.4437914153133
2014-12-03,415.7697765088541,154.03656050986172
2014-12-04,417.99806919942273,153.86622028126283
2014-12-05,415.1144165790365,154.1180881634168
2014-12-08,405.5461052070911,153.08816859074366
2014-12-09,402.1380267844729,152.98445503992738
2014-12-10,400.95820972097385,150.53187860257822
2014-12-11,396.10875929418074,151.2950569117245
2014-12-12,386.40888716565917,148.84990336786197
2014-12-15,387.850729141577,147.8273928914757
2014-12-16,371.5112215544707,146.64188229677845
2014-12-17,388.181463922815,149.51673583087944
2014-12-18,397.045882949621,153.21413702482013
2014-12-19,398.5012601117358,153.86606851206514
2014-12-22,394.53216075383466,154.57379587525813
2014-12-23,396.11985062731435,154.7824233332724
2014-12-24,398.6336041545502,154.79735190344442
2014-12-26,395.45853772208613,155.2965345918219
2014-12-29,388.53898709340103,155.5051344554366
2014-12-30,389.8698217436343,154.67066601497893
2014-12-31,389.0712457580155,153.1359069020147
2015-01-02,392.39811306345206,153.05393773806637
2015-01-05,387.7406930908279,150.28986192107382
2015-01-06,377.0958331130341,148.8742830198897
2015-01-07,383.48252977956366,150.72939931476208
2015-01-08,383.34984109080443,153.40411066871923
2015-01-09,386.6764890760943,152.1747939646909
2015-01-12,383.34984109080443,150.98271590289391
2015-01-13,380.0229737853678,150.55803809337877
2015-01-14,375.0999257836289,149.64910616565814
2015-01-15,371.77349711848575,148.278257786191
2015-01-16,373.11238395124826,150.22279373289794
2015-01-20,380.2077040117963,150.5431371176063
2015-01-21,394.93408058840464,151.30307308480207
2015-01-22,397.8792055127685,153.55314802084342
2015-01-23,392.2564009172282,152.71120149809994
2015-01-26,395.2014945101426,153.06882491663904
2015-01-27,392.92576600498563,151.04979788826958
2015-01-28,388.909575478441,149.1126848350493
2015-01-29,390.1144263701145,150.4909699052029
2015-01-30,388.1062997753927,148.59862876529894
2015-02-02,390.9175454159152,150.43884408439885
2015-02-03,404.1714378589654,152.61435895277873
2015-02-04,401.22596828865665,152.03327608645188
2015-02-05,406.9826834994879,153.56795241621737
2015-02-06,409.25888197638784,153.14334359270114
2015-02-09,410.19581764313085,152.4578849099681
2015-02-10,405.64404731832167,154.08209126916645
2015-02-11,405.10868684020375,154.17152471820083
2015-02-12,409.52667187552015,155.65411661876163
2015-02-13,412.6056760837255,156.29489996857689
2015-02-17,419.0314430678189,156.54071088002334
2015-02-18,414.18584640931795,156.55563945019537
2015-02-19,413.78173337328093,156.44385453750235
2015-02-20,413.37812164043635,157.3826711999666
2015-02-23,411.22439779974894,157.36036112790728
2015-02-24,412.43576563292464,157.80729382068262
2015-02-25,416.33960158145493,157.67324022752962
2015-02-26,413.10867117447896,157.48692284157468
2015-02-27,416.6088327272656,156.95054290256522
2015-03-02,418.35863152061313,157.94141639983457
2015-03-03,420.3777867855695,157.29325154813205
2015-03-04,418.8970311493355,156.63017192345728
2015-03-05,423.6083412151511,156.80154694204037
2015-03-06,422.93518502200055,154.59614733891684
2015-03-09,419.1662936265957,155.23691689153227
2015-03-10,408.2631371788771,152.71869337758554
2015-03-11,411.89749133000043,152.3610423646469
2015-03-12,414.5897087937588,154.29819680946653
2015-03-13,415.262489009515,153.35199864511497
2015-03-16,412.70502811018486,155.40084142222915
2015-03-17,409.74389281511117,154.93891117328283
2015-03-18,409.070642627612,156.80154694204037
2015-03-19,411.22439779974894,156.08625871336284
2015-03-20,417.012789106055,157.46399189552486
2015-03-23,420.2430302211413,157.15716976661002
2015-03-24,419.83919916815,156.2741075884944
2015-03-25,418.223937619084,153.98408975906295
2015-03-26,417.9548004676219,153.61742917466185
2015-03-27,415.5857982372143,153.96913359449132
2015-03-30,418.1577029347777,155.84758095420744
2015-03-31,418.2930234652975,154.4855351882059
2015-04-01,417.21027123244215,153.93923506254788
2015-04-02,418.1577029347777,154.4929856760921
2015-04-06,422.4896204782354,155.53318416260828
2015-04-07,418.9700334267402,155.12164128729253
2015-04-08,417.8871871995363,155.64546577449374
2015-04-09,422.6247216886085,156.3340012327798
2015-04-10,423.1662857937333,157.18713728455242
2015-04-13,421.40683691393053,156.4761813766087
2015-04-14,423.03124724625934,156.77548403163837
2015-04-15,424.1141561363623,157.47896185729624
2015-04-16,425.87382433631177,157.4340795663816
2015-04-17,422.67494600220493,155.6230315276363
2015-04-20,423.76402718786534,157.04491574912413
2015-04-21,419.81642120434174,156.85785331438058
2015-04-22,420.63285611619267,157.62864767781056
2015-04-23,426.0780740557974,158.02524818575446
2015-04-24,427.3031337324177,158.3919915533543
2015-04-27,426.7587497968351,157.73347880180978
2015-04-28,429.3450982926318,158.23485524495376
2015-04-29,428.80065169415025,157.5837653868959
2015-04-30,426.486416837521,156.00471726260795
2015-05-01,427.98384080490496,157.6960194043818
2015-05-04,428.80065169415025,158.1450354743253
2015-05-05,422.8111751447611,156.3340012327798
2015-05-06,416.9575204290842,155.69037565980796
2015-05-07,414.77957737791013,156.31151179712322
2015-05-08,418.3188405797101,158.3695297120973
2015-05-11,419.13549481170776,157.6137191076385
2015-05-12,417.3659885366059,157.14222739923818
2015-05-13,419.40792176537053,157.17215352558122
2015-05-14,418.7271520299842,158.81104010535543
2015-05-15,422.1304680722738,158.98317396992692
2015-05-18,422.19914660964344,159.4770723307851
2015-05-19,425.3476126414566,159.42472575478445
2015-05-20,423.84163518835095,159.31247173729855
2015-05-21,424.1154720572426,159.77649916061287
2015-05-22,423.0200619187771,159.3947996284414
2015-05-26,420.28222586450323,157.68100805101102
2015-05-27,420.0082636698135,159.17775587855567
2015-05-28,421.51424112291915,158.9981991204975
2015-05-29,422.6097765871827,158.010347209982
2015-06-01,422.4727641583883,158.3320703146693
2015-06-02,425.62129285310056,158.17496160066833
2015-06-03,428.0856053529782,158.59405154426884
2015-06-04,424.5261960291304,157.2544676195243
2015-06-05,428.4960786732698,156.9850496992383
2015-06-08,425.62129285310056,156.0196596299798
2015-06-09,425.75830528189493,155.99723918032217
2015-06-10,427.6749127125398,157.8681256745537
2015-06-11,431.2342593734885,158.3770215915829
2015-06-12,433.2877539071297,157.16466164609562
2015-06-15,433.0140736954857,156.49109614958095
2015-06-16,433.7736106949903,157.3443149845523
2015-06-17,435.1545756644715,157.59865256546857
2015-06-18,435.9833238359877,159.23770471164025
2015-06-19,433.2209865881814,158.53074999163545
2015-06-22,439.15948686918534,159.34294975163317
2015-06-23,441.9213854766982,159.45572806271105
2015-06-24,446.6167165032536,158.29763250399515
2015-06-25,447.3072303194437,157.8163585809442
2015-06-26,450.06931691565376,157.7862530910039
2015-06-29,441.1138800279633,154.4774638263291
2015-06-30,443.0577458196993,154.80078740619197
2015-07-01,444.02949072687005,156.04158338044502
2015-07-02,443.3351858052868,155.89872717382644
2015-07-06,441.9467012879184,155.45498163420243
2015-07-07,441.53036898656467,156.432678805673
2015-07-08,438.61475828765793,153.80820305614873
2015-07-09,440.8360014020824,154.08638219830095
2015-07-10,446.38981414575784,156.02657202707425
2015-07-13,451.527200593731,157.74864192437823
2015-07-14,454.99831789280336,158.43298303392834
2015-07-15,452.6381197997137,158.3803605139319
2015-07-16,459.30250710342705,159.6512895725248
2015-07-17,456.85965664647745,159.786640102458
2015-07-20,450.99741711362935,159.86935431519495
2015-07-21,452.81191535025624,159.2376633200409
2015-07-22,443.04088949985214,158.9518543264052
2015-07-23,437.03891170210056,158.0569817452699
2015-07-24,427.2679798460451,156.41759846630328
2015-07-27,422.9410126716131,155.50767314019782
2015-07-28,426.9890046194306,157.4178402622296
2015-07-29,428.10540682908106,158.5007410820937
2015-07-30,427.12858622708643,158.5382694655206
2015-07-31,424.19721580906617,158.29763250399515
2015-08-03,423.49930777078697,157.76372226374795
2015-08-04,421.54500860635756,157.4554100372559
2015-08-05,417.217947437577,157.97426753253293
2015-08-06,400.7467850995459,156.6807800522845
2015-08-07,407.307277316618,156.38002869127695
2015-08-10,411.9139090095541,158.3502826183912
2015-08-11,408.98231927138715,156.9214997970087
2015-08-12,408.5635431169701,157.10945904973855
2015-08-13,410.7970368281607,156.91395272872396
2015-08-14,412.6114724018885,157.48544654119723
2015-08-17,414.8447154614829,158.3652663773624
2015-08-18,415.33668188200187,157.90659226756634
2015-08-19,412.6688089545283,156.65822163062896
2015-08-20,404.66497085196085,153.38704353257984
2015-08-21,398.48706696509873,148.76972783988626
2015-08-24,381.21635736651336,142.50553698874046
2015-08-25,383.3227080555115,140.8284735571492
2015-08-26,389.92186328130356,146.23545818258455
2015-08-27,399.0486518664732,149.85264245695015
2015-08-28,400.7336258907433,149.86012053923596
2015-08-31,394.41501246404226,148.64937486612405
2015-09-01,389.2197881602369,144.21252654667472
2015-09-02,390.76442862206244,146.9498495932758
2015-09-03,390.3430206258849,147.0550946332687
2015-09-04,391.04518974130013,144.82915099965885
2015-09-08,400.17204098936884,148.46889369567998
2015-09-09,398.06578429471926,146.48357322639583
2015-09-10,399.3296323058576,147.2807340386232
2015-09-11,400.5931043396016,147.95003620040293
2015-09-14,395.95955893151927,147.4010870123854
2015-09-15,399.3296323058576,149.24348228905203
2015-09-16,402.41872524081157,150.5369145805013
2015-09-17,398.7447681374824,150.19851066126876
2015-09-18,397.3317824265816,147.74403021034865
2015-09-21,399.45129232438234,148.50756724668946
2015-09-22,395.3537966863076,146.57993286972442
2015-09-23,392.3862071126307,146.3455598369033
2015-09-24,391.6797142571803,145.8164648193826
2015-09-25,392.66900477608783,145.77863289756027
2015-09-28,379.5282188658407,142.11997424062798
2015-09-29,372.7460253118948,142.203143760958
2015-09-30,376.70218478114003,144.8564832524415
2015-10-01,391.255956402288,145.23440235187067
2015-10-02,391.9624805891879,147.40387404674286
2015-10-05,395.77752320975037,150.026914887489
2015-10-06,402.8426397529515,149.51290020933803
2015-10-07,409.4835284695174,150.7374982710384
2015-10-08,415.1357219647169,152.0980953310621
2015-10-09,406.94010405957675,152.18883951407642
2015-10-12,400.8644346925308,152.33249595828278
2015-10-13,403.97279646894566,151.3724040137434
2015-10-14,399.73380800479373,150.64676788522385
2015-10-15,407.3639872402672,152.9598684299028
2015-10-16,414.28786160898744,153.65530248808352
2015-10-19,420.6853362941553,153.7308973457292
2015-10-20,422.96028151307405,153.534314843131
2015-10-21,425.9457613444325,152.58194933047363
2015-10-22,431.7747268778798,155.15955599231359
2015-10-23,427.2253064117853,156.86039199914183
2015-10-26,432.77009569799617,156.47484304822913
2015-10-27,424.38188337259555,156.17250500924584
2015-10-28,431.7747268778798,157.94893587371976
2015-10-29,428.9315858217358,157.85824687950458
2015-10-30,426.2300942489166,157.177865566294
2015-11-02,434.3338170125854,159.03750734269727
2015-11-03,431.6327014171606,159.49856836805685
2015-11-04,430.3532503441564,159.01475576024467
2015-11-05,434.90267081025087,158.8560051794688
2015-11-06,424.6662162770797,158.77289084793796
2015-11-09,431.6327014171606,157.2912785485622
2015-11-10,430.6373012655947,157.65407591702225
2015-11-11,431.0638162880457,157.034250513687
2015-11-12,431.7747268778798,154.8420962223612
2015-11-13,435.75560686080416,153.1035110769094
2015-11-16,444.1436625289571,155.43169196095806
2015-11-17,443.29078914130287,155.31833416748904
2015-11-18,435.7116801685632,157.78258303585994
2015-11-19,441.7179190434508,157.64658403753666
2015-11-20,445.29264944611873,158.22104424796464
2015-11-23,449.58261417865583,158.03962486793492
2015-11-24,446.72274212846287,158.25126011550327
2015-11-25,448.2953302432691,158.2286327078488
2015-11-27,450.15460112127425,158.41001069627913
2015-11-30,456.3033980915231,157.75240855992072
2015-12-01,459.3061415515725,159.25666206415076
2015-12-02,461.59408932204616,157.6314209149682
2015-12-03,457.0181937810989,155.4241448926733
2015-12-04,457.0181937810989,158.4553896863862
2015-12-07,447.7236252836965,157.49539432224532
2015-12-08,443.0047330070946,156.43710770680536
2015-12-09,426.988910625082,155.22007051058952
2015-12-10,442.1466272673689,155.62071359807172
2015-12-11,431.1361606050103,152.60456294092833
2015-12-14,415.40639435720595,153.3756332483541
2015-12-15,418.943119711594,154.98572507216798
2015-12-16,422.40790805786133,157.25348801833923
2015-12-17,422.69669002817875,154.85724554772986
2015-12-18,416.05589530596137,152.09844026105682
2015-12-21,416.05589530596137,153.3531162182979
2015-12-22,428.90423346629615,154.74474318064776
2015-12-23,435.9779661581181,156.66091208458786
2015-12-24,439.87603711993484,156.4023525605361
2015-12-28,433.7766811770442,156.0449636943934
2015-12-29,427.96773643984653,157.7103408977631
2015-12-30,422.5945808341607,156.59249177083265
2015-12-31,422.3042009599173,155.02602669275257
2016-01-04,423.75641364562955,152.8588591302452
2016-01-05,430.87222447417014,153.11739105989744
2016-01-06,432.3243118340843,151.18596245299037
2016-01-07,421.57787529691444,147.55874761437792
2016-01-08,418.5283539827168,145.93903914231086
2016-01-11,418.8187651884097,146.08349582410503
2016-01-12,417.5118990970668,147.2622457909055
2016-01-13,408.7984036626464,143.58937601819022
2016-01-14,397.1807021769483,145.94669658819393
2016-01-15,396.16390264535346,142.8137664320338
2016-01-19,393.25982191987373,143.003864250731
2016-01-20,385.2192006955582,141.17120979711564
2016-01-21,391.6515786155024,141.96212047783843
2016-01-22,403.931783601511,144.87450239536633
2016-01-25,403.931783601511,142.68443148120872
2016-01-26,417.96639310394795,144.63113358828258
2016-01-27,416.35830645682427,143.0570662531186
2016-01-28,421.036217197441,143.8022668109394
2016-01-29,422.3520440833495,147.30787313060878
2016-02-01,414.75025114115016,147.25454695342307
2016-02-02,408.90245540653535,144.60072455994694
2016-02-03,405.8322240041984,145.46763021710927
2016-02-04,409.3411270314039,145.69576691562563
2016-02-05,409.0485539556934,142.92021182840836
2016-02-08,396.475932551222,140.99633028978604
2016-02-09,404.6629343077414,141.00396014126952
2016-02-10,404.51686709003286,140.88229643352733
2016-02-11,394.868002561346,139.04968337151132
2016-02-12,404.6629343077414,141.916437949336
2016-02-16,411.9725928145237,144.31179739915885
2016-02-17,418.11274230470224,146.669090374763
2016-02-18,418.5540144398818,146.06834649873636
2016-02-19,406.9316132367541,145.99985719898217
2016-02-22,411.3452118691364,148.11382275910194
2016-02-23,405.9017798221549,146.24325360046552
2016-02-24,410.46232295283244,146.9123901958478
2016-02-25,413.69904967797146,148.69175986387683
2016-02-26,424.14457897385586,148.34958930910176
2016-02-29,432.8246750830773,147.18616803126721
2016-03-01,437.0909532397698,150.64602283643524
2016-03-02,441.21050621831364,151.3228030805008
2016-03-03,444.0055221679797,151.91591710504395
2016-03-04,436.7967822601333,152.410215584696
2016-03-07,439.15058873751883,152.5318792924382
2016-03-08,432.8246750830773,150.86654348066787
2016-03-09,447.5366391929019,151.61175783568845
2016-03-10,449.0077760741302,151.73340774623085
2016-03-11,451.21441873307367,154.1820243872405
2016-03-14,452.09708832923087,153.98428291986
2016-03-15,451.95008116803643,153.7333808416913
2016-03-16,458.5706044424079,154.62303808130622
2016-03-17,462.5655835776207,155.60396379752748
2016-03-18,461.3816934256828,156.2154418949902
2016-03-21,461.5298285190603,156.43712150400515
2016-03-22,463.89735817133993,156.35302757128926
2016-03-23,457.238673191441,155.32114879624606
2016-03-24,457.83058693596047,155.25236975529631
2016-03-28,458.274459581451,155.3441073366955
2016-03-29,463.601683282126,156.78103050595365
2016-03-30,465.5251209687684,157.46893129304942
2016-03-31,463.89735817133993,157.08672126448576
2016-04-01,462.7135620137506,158.15684587734495
2016-04-04,456.79461255725334,157.64470761836532
2016-04-05,452.3553847991556,156.0701573812087
2016-04-06,454.8712062020604,157.77470483478027
2016-04-07,451.6154299556072,155.88680639320847
2016-04-08,455.01890265514453,156.3071518819898
2016-04-11,458.274459581451,155.9402291507927
2016-04-12,462.1215856063321,157.3925086034164
2016-04-13,463.4536421830971,158.98231854354
2016-04-14,465.8210465095786,158.9899621922233
2016-04-15,466.2650131494177,158.814144475308
2016-04-18,465.6730054105497,159.93008958866753
2016-04-19,466.86391380718237,160.4345566045643
2016-04-20,466.119760549397,160.58744337542973
2016-04-21,463.88736343893993,159.72373866861852
2016-04-22,467.9055278468049,159.72373866861852
2016-04-25,470.5844607759625,159.4485397216208
2016-04-26,473.5604785095629,159.68549283080253
2016-04-27,471.0307146116173,160.01418352138342
2016-04-28,465.6731933992469,158.56194546035908
2016-04-29,464.63126604512905,157.70585680783157
2016-05-02,464.7799964360476,158.95940139468993
2016-05-03,462.99438579588735,157.57599756341452
2016-05-04,463.88736343893993,156.69696416763736
2016-05-05,459.4224125607781,156.66637577570444
2016-05-06,468.6498690932874,157.23962183255097
2016-05-09,470.73325382978015,157.3696328461657
2016-05-10,474.4536441413127,159.32631032868724
2016-05-11,474.9003679487104,157.83582642984692
2016-05-12,474.30488241894454,157.88164693034724
2016-05-13,472.6679395068038,156.50585915335554
2016-05-16,476.98384667955173,158.0498485929788
2016-05-17,479.8111340222336,156.57467958590465
2016-05-18,476.668495640033,156.62051388360476
2016-05-19,470.68237155574354,156.07781482709177
2016-05-20,470.68237155574354,157.0638179128355
2016-05-23,470.8318225700013,156.84979574970362
2016-05-24,475.1721056104835,158.88297870505693
2016-05-25,478.91355065610014,159.96065038620088
2016-05-26,480.5601749861456,160.00655366989992
2016-05-27,481.607397355234,160.6944544569957
2016-05-31,481.30824467512224,160.38868091526484
2016-06-01,492.3828781461181,160.71737160584573
2016-06-02,487.4445717284582,161.20653752717618
2016-06-03,489.6889687840852,160.7250428489286
2016-06-06,490.28799476764794,161.54289946083992
2016-06-07,486.3963467529848,161.79508467858906
2016-06-08,488.79138541795174,162.32249643773548
2016-06-09,491.4849814654894,162.10081682872053
2016-06-10,487.4445717284582,160.5645124293799
2016-06-13,487.4445717284582,159.32631032868724
2016-06-14,485.04943906914264,159.01287934107333
2016-06-15,486.3963467529848,158.7911859348586
2016-06-16,487.98143611615353,159.26510595042183
2016-06-17,490.5472625125081,158.67199192587867
2016-06-20,490.8493603488757,159.69384013667505
2016-06-21,490.6986247451872,160.14716093295286
2016-06-22,492.0568744137592,159.88591095494215
2016-06-23,495.98088781578673,161.96803257794815
2016-06-24,494.4715578975814,156.15196097875955
2016-06-27,481.18921649835806,153.35528237866484
2016-06-28,489.1887935237894,156.12117942602958
2016-06-29,498.14401109133314,158.7795273010366
2016-06-30,498.5991630586544,160.94622575875113
2016-07-01,498.9029214618471,161.2842295591898
2016-07-05,496.625939698709,160.12413340650448
2016-07-06,496.625939698709,161.08450129503967
2016-07-07,496.3223066213144,160.9846233657648
2016-07-08,494.9565374048552,163.3817350599609
2016-07-11,495.56361557094715,163.9580027035613
2016-07-12,498.14401109133314,165.14885281457703
2016-07-13,498.75077594292975,165.12578389652927
2016-07-14,499.965308252508,166.04775417805078
2016-07-15,501.4830976620864,165.82501218465205
2016-07-18,506.491680521042,166.2706341434474
2016-07-19,507.4073108021047,166.10156325722912
2016-07-20,505.72879105643773,166.7930513162701
2016-07-21,504.2029494643301,166.16301598509074
2016-07-22,505.5761442343279,166.90832692050984
2016-07-25,506.33931568197795,166.45499232703227
2016-07-26,504.66070194196243,166.53187032425834
2016-07-27,507.7126671092234,166.35505920895824
2016-07-28,507.8653139313332,166.54719901322426
2016-07-29,510.45936996371427,166.81607884271847
2016-08-01,509.5439590027983,166.67781710362974
2016-08-02,507.4073108021047,165.6098172595381
2016-08-03,517.1743262269689,166.09390581134605
2016-08-04,517.3265970716844,166.2706341434474
2016-08-05,518.3950308321046,167.63049995188226
2016-08-08,520.8369100141188,167.530649617007
2016-08-09,527.398530163374,167.63049995188226
2016-08-10,524.1938555111041,167.21564574861708
2016-08-11,523.2785698759862,167.99161406196805
2016-08-12,524.1938555111041,167.84566728259665
2016-08-15,523.2785698759862,168.32972824000504
2016-08-16,522.5154610912352,167.46151184886273
2016-08-17,521.9015526691458,167.77654331165218
2016-08-18,525.2768897270051,168.1529723135041
2016-08-19,524.3561210882195,167.90706482165913
2016-08-22,522.9755634275823,167.89940737577604
2016-08-23,523.2824236442784,168.23748016221367
2016-08-24,522.8221646506837,167.37699020295335
2016-08-25,520.5209323456094,167.2617283959134
2016-08-26,523.4355091066816,166.94672452752351
2016-08-29,528.4980760531773,167.76881687977016
2016-08-30,529.7252662683657,167.49223821279352
2016-08-31,527.1176750497876,167.01586229566777
2016-09-01,525.890171520104,167.02353353875066
2016-09-02,528.8051869214697,167.77654331165218
2016-09-06,530.3395506678494,168.28356280951
2016-09-07,530.4925734673536,168.26824791774385
2016-09-08,530.6460975700503,167.88405109241054
2016-09-09,523.8960187518726,163.8657960173693
2016-09-12,526.043946274397,166.21683886146886
2016-09-13,517.4529568076387,163.82735701875626
2016-09-14,518.5264975943321,163.76591808809442
2016-09-15,523.742557312075,165.40244534670467
2016-09-16,527.7315208089781,164.76304171686834
2016-09-19,522.7183322269415,164.79391984999685
2016-09-20,525.8034460678052,164.8016048902795
2016-09-21,528.7339392052386,166.65489995477967
2016-09-22,529.9676463619292,167.70507381674352
2016-09-23,525.1859971919189,166.78615271637545
2016-09-26,526.1118101940788,165.43486876620955
2016-09-27,527.9626215807108,166.46183573812777
2016-09-28,530.4304745343853,167.28813623631015
2016-09-29,530.8933027068414,165.77462481102148
2016-09-30,529.5048808523721,167.02556172711968
2016-10-03,529.5048808523721,166.62402182165118
2016-10-04,530.8933027068414,165.77462481102148
2016-10-05,531.2015415073168,166.50820812661965
2016-10-06,532.2810979323201,166.62402182165118
2016-10-07,531.664369679773,166.05259699517686
2016-10-10,532.127072526431,166.91743307237078
2016-10-11,530.4304745343853,164.8093451193613
2016-10-12,531.0475161014277,165.02556103725968
2016-10-13,526.8828145041113,164.4850419383134
2016-10-14,518.0912410974623,164.5700326890156
2016-10-17,515.7776015383741,163.99856647094188
2016-10-18,515.0797874944435,165.02556103725968
2016-10-19,523.9201439680106,165.46573310213824
2016-10-20,516.3205128958288,165.15684139325504
2016-10-21,522.5244218858007,165.23406432047582
2016-10-24,527.9529714942556,165.93674190854594
2016-10-25,531.8306770138779,165.38079754023522
2016-10-26,529.9690249457085,165.04875413010552
2016-10-27,525.4713640342375,164.60858206522695
2016-10-28,528.1078115178325,164.12210659785543
2016-10-31,520.5083057714488,164.1299020157364
2016-11-01,516.7856595955501,162.94065237989625
2016-11-02,506.39427104445343,161.9599336216718
2016-11-03,499.879992715438,161.2186514685912
2016-11-04,511.5126393025619,161.0410815073027
2016-11-07,525.3160853703671,164.5931429986627
2016-11-08,527.1772674667935,165.33448034054248
2016-11-09,530.5894503093001,167.08731799337664
2016-11-10,558.3519344232761,167.5042969654094
2016-11-11,570.914592426797,167.1182651125041
2016-11-14,564.5559374075967,167.2494626853007
2016-11-15,562.6947866426198,168.5545122189726
2016-11-16,559.7477504998345,168.23790787540716
2016-11-17,566.061601546207,169.1027301554013
2016-11-18,569.1795820776276,168.72435574837908
2016-11-21,562.7878410477236,169.99848575732312
2016-11-22,557.1755638192253,170.33061195065156
2016-11-23,563.4113368933693,170.42320495843765
2016-11-25,569.6473606191095,171.05641364556857
2016-11-28,564.0347700761158,170.253306240232
2016-11-29,563.5672421862303,170.58532205596214
2016-11-30,567.7765597676773,170.1761109074108
2016-12-01,569.9592338677304,169.5506424493617
2016-12-02,562.3204384836362,169.63557801126473
2016-12-05,567.6205291490182,170.65487374010007
2016-12-06,566.9970333033726,171.19539283904635
2016-12-07,567.9325277234373,173.43473355365163
2016-12-08,571.0505709177569,173.85945275476615
2016-12-09,569.9592338677304,174.9096404139298
2016-12-12,574.4798607317068,174.7089325485946
2016-12-13,570.8947909506941,175.8749063083902
2016-12-14,568.3023641536886,174.42317874375806
2016-12-15,571.6015031262912,175.14126780399283
2016-12-16,573.3291819162706,174.79876611642285
2016-12-19,577.7274281383832,175.1794170614103
2016-12-20,581.8111066072153,175.85516251549166
2016-12-21,585.1098696024235,175.3657758389646
2016-12-22,585.5809066146564,175.06287211478994
2016-12-23,586.8377990439991,175.31919649247587
2016-12-27,586.5237952568102,175.75420840463323
2016-12-28,579.814603980269,174.3017081968129
2016-12-29,581.2354225535523,174.26281389060682
2016-12-30,580.4460580140952,173.62592135113218
2017-01-03,579.9727024745971,174.95412258605054
2017-01-04,584.0763704082292,175.9949833381566
2017-01-05,582.9718741494002,175.85516251549166
2017-01-06,581.3930824075869,176.48431482588452
2017-01-09,574.4476520015901,175.9017280647806
2017-01-10,576.1838529458416,175.9017280647806
2017-01-11,579.4990962835026,176.3988549703895
2017-01-12,582.9718741494002,175.95614422074968
2017-01-13,582.024411115615,176.36002965018235
2017-01-17,583.1292833518385,175.7386451632709
2017-01-18,584.6366393887234,176.126981148541
2017-01-19,583.2091158852407,175.4745529621036
2017-01-20,583.0502027732249,176.1192133250596
2017-01-23,578.6080298588714,175.66093933405745
2017-01-24,576.2281556154769,176.78723234725896
2017-01-25,575.1178317070353,178.31742458709292
2017-01-26,570.9927330619247,178.13102441793924
2017-01-27,569.2474459973095,177.85139656980917
2017-01-30,565.9156596542966,176.74844841865118
2017-01-31,561.473486739943,176.73288517728884
2017-02-01,572.8966825869595,176.80278179142152
2017-02-02,574.4831192024579,176.9193267380419
2017-02-03,578.9253547797106,178.13876464702108
2017-02-06,582.7328778523857,177.82027008708448
2017-02-07,581.6226792697422,177.82806550496545
2017-02-08,583.0502027732249,178.06107261500742
2017-02-09,582.2573291114205,179.11745521687646
2017-02-10,585.5889274657361,179.82432715368253
2017-02-13,587.8098259342157,180.80301772353792
2017-02-14,591.6175996584872,181.52541151010698
2017-02-15,593.8388741043611,182.47297559723765
2017-02-16,593.0453738135661,182.3176605192093
2017-02-17,594.081630175319,182.60506998802057
2017-02-21,597.4297715349865,183.69251008661536
2017-02-22,596.6330127734403,183.52939959070608
2017-02-23,596.7923645257496,183.65369856360803
2017-02-24,597.5891859501947,183.8867332680496
2017-02-27,590.2553082329258,184.1740875480617
2017-02-28,589.7768769986038,183.6769882368524
2017-03-01,587.8633400500129,186.24801363439283
2017-03-02,588.6607881034486,185.07516886910219
2017-03-03,592.0090547889141,185.191617235324
2017-03-06,589.9361034251149,184.64011556534544
2017-03-07,589.7768769986038,184.08861389536688
2017-03-08,587.2259330407759,183.74689864818487
2017-03-09,583.8776663553103,183.97987816382727
2017-03-10,589.2985084271808,184.62459371558245
2017-03-13,592.3280089451289,184.71776620575972
2017-03-14,591.6900379698004,184.0109632549526
2017-03-15,599.024604978959,185.60331187983743
2017-03-16,595.1978443962723,185.2382517706119
2017-03-17,604.4114210966399,184.91292759677958
2017-03-20,602.8090681047802,184.71009496267686
2017-03-21,594.1563243509984,182.3384942908912
2017-03-22,590.951618367279,182.76758720433895
2017-03-23,592.2337012820437,182.57256378531696
2017-03-24,596.0792607344483,182.43991750654246
2017-03-27,598.3227805094886,182.25268950540143
2017-03-28,604.5715874666369,183.57891774074992
2017-03-29,606.494586512986,183.75048592013007
2017-03-30,613.0641648504217,184.3356389603948
2017-03-31,613.2245192091159,183.90655984414684
2017-04-03,615.3074966367648,183.58667176703153
2017-04-04,615.1473929296668,183.7037134128443
2017-04-05,610.1801675840907,183.15762024518313
2017-04-06,612.7440827620239,183.67253174132043
2017-04-07,614.3463730909846,183.4853037401794
2017-04-10,615.9485380941471,183.59453617091143
2017-04-11,619.954577231044,183.3760575122476
2017-04-12,620.435076341035,182.57256378531696
2017-04-13,617.5509537489058,181.3867910438237
2017-04-17,624.9221158911154,182.99383368648415
2017-04-18,625.3240983885844,182.44771292442343
2017-04-19,625.3240983885844,182.11226160594578
2017-04-20,629.9934243120299,183.59453617091143
2017-04-21,635.9500341708622,183.0093831306467
2017-04-24,636.9163587372642,185.02217382471142
2017-04-25,640.7800277674971,186.09870033827283
2017-04-26,642.7122382600079,185.98165869246006
2017-04-27,650.2791592988805,186.13769122487744
2017-04-28,644.6445114154178,185.7321087398707
2017-05-01,646.0930896529846,186.2001373511239
2017-05-02,649.7967803019177,186.27032370645216
2017-05-03,643.8391678367005,186.04409102150672
2017-05-04,633.5351940297923,186.2625282885712
2017-05-05,648.5083057714488,186.9958218629738
2017-05-08,644.1608791604738,186.9647091774489
2017-05-09,642.2290446453574,186.79300302607083
2017-05-10,608.5804464339915,187.12845434454852
2017-05-11,615.0202499074743,186.74620292438547
2017-05-12,618.2403709643625,186.4341378595507
2017-05-15,619.6895758309198,187.46394705462552
2017-05-16,618.7232512645177,187.29232368644622
2017-05-17,617.0247107226012,183.96900597039328
2017-05-18,616.0539370903658,184.71009496267686
2017-05-19,617.5096588984254,185.9115137287312
2017-05-22,619.1279282666463,186.8554491523173
2017-05-23,623.1721917719697,187.26892363560353
2017-05-24,624.9518181052698,187.70577057533288
2017-05-25,623.0102081778999,188.60290589723363
2017-05-26,623.1721917719697,188.56391501062902
2017-05-30,621.2308324961962,188.40010085753045
2017-05-31,616.7012448376541,188.35325936424573
2017-06-01,626.2461829482502,189.85111096777354
2017-06-02,623.1721917719697,190.48300892092445
2017-06-05,623.6577039138855,190.342567224269
2017-06-06,620.2604348413552,189.7341383079597
2017-06-07,616.3770269979184,190.08512527340014
2017-06-08,617.9954216919374,190.17876686837022
2017-06-09,624.466368626253,189.89011565157793
2017-06-12,634.4966935529668,189.85111096777354
2017-06-13,630.4521793960472,190.77944175839792
2017-06-14,632.231680403549,190.53760444049078
2017-06-15,632.6389892474382,190.17095765328946
2017-06-16,635.2455778596312,190.21248722465532
2017-06-19,630.8468929972252,191.7960194388748
2017-06-20,625.1449451601723,190.50254575582613
2017-06-21,627.0998396221427,190.4555800877433
2017-06-22,626.6108810207786,190.36929240026092
2017-06-23,632.9648989854485,190.59657367239032
2017-06-26,634.2681619600954,190.72205920447416
2017-06-27,632.8019754478929,189.18558923873604
2017-06-28,632.8841265085604,190.87886438007973
2017-06-29,635.1758340529776,189.20124906049693
2017-06-30,629.6097393810863,189.55401586471018
2017-07-03,624.2073202015396,189.8754492282019
2017-07-05,627.1542936814258,190.314407139499
2017-07-06,627.1542936814258,188.57409734407352
2017-07-07,628.4638229459787,189.7970121473996
2017-07-10,629.1185875782552,190.0008243826874
2017-07-11,631.5746599069064,189.85974801484164
2017-07-12,632.229549864981,191.28646125625573
2017-07-13,631.5746599069064,191.60789461974744
2017-07-14,633.2112895045519,192.5015530473013
2017-07-17,633.8660541368283,192.47805641606007
2017-07-18,635.7578470594456,192.57996253370396
2017-07-19,634.6066669408168,193.62263071898244
2017-07-20,634.4419888420875,193.7088218260663
2017-07-21,633.9482678603949,193.5363982202992
2017-07-24,634.6066669408168,193.48934976901762
2017-07-25,636.4158701624732,193.95971010703522
2017-07-26,638.2252613728266,193.96754691651554
2017-07-27,639.5408689385883,193.7872037180694
2017-07-28,636.4158701624732,193.5599086487402
2017-07-31,637.4027481597669,193.45017951881576
2017-08-01,638.8831591500561,193.88128682343276
2017-08-02,648.0945426489566,193.97534233439652
2017-08-03,646.4496415486352,193.59909269614187
2017-08-04,645.6273163242727,193.95184570315533
2017-08-07,655.4965349375035,194.31246311404868
2017-08-08,661.5829196602888,193.83427976375054
2017-08-09,664.543616315069,193.82636017107149
2017-08-10,656.1548713550264,191.09054101924744
2017-08-11,655.6612756991319,191.37272134933855
2017-08-14,662.4054328733484,193.26978113157045
2017-08-15,662.5700483091788,193.2463534863282
2017-08-16,658.6222230055084,193.5833776855818
2017-08-17,654.0774082624948,190.56526782606835
2017-08-18,649.119895666273,190.2674000798168
2017-08-21,646.4759599662403,190.4162994599431
2017-08-22,649.9463566419736,192.40751133353731
2017-08-23,650.276590120019,191.71767893847104
2017-08-24,650.6069489238627,191.27082902889444
2017-08-25,651.1031764215177,191.71767893847104
2017-08-28,649.6156845236346,191.72552954515118
2017-08-29,651.2680425089442,191.9450291965994
2017-08-30,651.7642073437001,192.8543750403137
2017-08-31,647.6327797457844,194.01454017899798
2017-09-01,652.4249249513873,194.2889388884079
2017-09-05,647.3019196387484,192.89355908771535
2017-09-06,647.7978338219082,193.5520166504607
2017-09-07,644.9889067086508,193.5285200192195
2017-09-08,648.2932467018754,193.30119735549073
2017-09-11,651.2680425089442,195.3629543116077
2017-09-12,653.4167533177068,196.02142567155283
2017-09-13,660.6875294956224,196.1154811825166
2017-09-14,661.1832556900849,196.05277290947416
2017-09-15,660.1918033011599,196.3166857470442
2017-09-18,659.5305843902802,196.7342442014681
2017-09-19,660.0264359105408,196.9311992284606
2017-09-20,660.1926179188476,197.00211683537768
2017-09-21,659.3622091805064,196.47430495743737
2017-09-22,662.8490235357932,196.51368216563608
2017-09-25,660.0266238992381,196.1118663161718
2017-09-26,657.7020183328144,196.2300255351675
2017-09-27,657.5355230100124,196.99425243149776
2017-09-28,658.366370388647,197.23054327508962
2017-09-29,660.0266238992381,197.92385256450277
2017-10-02,660.856781985983,198.78256268499027
2017-10-03,663.5135635803231,199.20802693489344
2017-10-04,664.1777903103576,199.44438676448422
2017-10-05,663.5135635803231,200.6261031292394
2017-10-06,663.1815128782049,200.39759390632875
2017-10-09,663.5135635803231,200.06670946098134
2017-10-10,662.5172861481703,200.59456273052103
2017-10-11,659.528265863015,200.90969077370903
2017-10-12,660.0266238992381,200.61030533548063
2017-10-13,662.6834681564771,200.8545709605507
2017-10-16,667.00037793561,201.1224160000607
2017-10-17,665.3400617621198,201.2642236194953
2017-10-18,670.155580229072,201.4611786464878
2017-10-19,671.4898613387537,201.5163260540457
2017-10-20,675.4940205886787,202.55617961056714
2017-10-23,673.9923668756082,201.76841469139632
2017-10-24,673.82562090121,202.1229475371826
2017-10-25,664.9838858438636,201.1224160000607
2017-10-26,666.651846891039,201.3823966356908
2017-10-27,672.3243431655338,203.02895445854787
2017-10-30,674.4928554503994,202.2726333576969
2017-10-31,670.155454903274,202.5877200092855
2017-11-01,668.6536758644053,202.85563403479446
2017-11-02,668.9874184647981,202.93440224839168
2017-11-03,683.3345905077457,203.61191374404606
2017-11-06,685.6701620815048,203.92702799003428
2017-11-07,691.6762129676953,203.78526176219904
2017-11-08,693.178054669463,204.13187501530626
2017-11-09,685.6701620815048,203.39135170821405
2017-11-10,679.1644999011102,203.32832609957646
2017-11-13,675.6609545517742,203.5173477366901
2017-11-14,678.9974406122166,203.04473845510685
2017-11-15,673.4919409637163,202.0283953270264
2017-11-16,676.995423650153,203.74587075680054
2017-11-17,684.6698115609132,203.1471136775436
2017-11-20,680.9822879399376,203.4936993362512
2017-11-21,679.1385574608993,204.82515671031985
2017-11-22,676.9599564492852,204.64398567988633
2017-11-24,677.462262248149,205.11663635306897
2017-11-27,679.6411139113594,205.0142887250318
2017-11-28,679.8090504808398,207.0940924184732
2017-11-29,678.3003785230746,206.96801360679842
2017-11-30,676.288836800354,208.78002744952897
2017-12-01,672.4341912275858,208.3466987957459
2017-12-04,669.9203437060013,208.0946101583953
2017-12-05,668.9147921647877,207.3461948530236
2017-12-06,673.4398680945975,207.3855858584221
2017-12-07,674.4455449616091,208.03944895363762
2017-12-08,678.1329432567867,209.17395130071375
2017-12-11,678.6358756846412,209.80422118428953
2017-12-12,674.7811674489737,210.17445524343606
2017-12-13,679.3061180529854,210.15082064019697
2017-12-14,679.6411139113594,209.29209672250968
2017-12-15,682.1555253990354,211.03494520269638
2017-12-18,680.3841079055122,212.3731770018616
2017-12-19,670.0897841850592,211.55759692791548
2017-12-20,670.9336027837993,211.44673642760833
2017-12-21,675.1522571372063,211.88224503895813
2017-12-22,678.6960947306377,211.82682168740445
2017-12-26,678.0214659593591,211.5734499104734
2017-12-27,680.0461042279833,211.67630803490277
2017-12-28,678.6898284407316,212.11183044345236
2017-12-29,673.6033555982447,211.31210335206418
2018-01-02,676.4853476518058,212.82455239296908
2018-01-03,676.1464666936901,214.17066239321397
2018-01-04,671.5683779512757,215.07328900063087
2018-01-05,667.6696803604683,216.50665249234342
2018-01-08,666.4826570635773,216.9025079514987
2018-01-09,654.7840577751929,217.39346750880176
2018-01-10,647.6629832631313,217.06088600788027
2018-01-11,646.3068328016778,218.644597585697
2018-01-12,657.496421360999,220.06983452673362
2018-01-16,661.9051322872546,219.31763878861966
2018-01-17,666.4826570635773,221.408121514698
2018-01-18,661.201177279216,221.03596964478075
2018-01-19,661.201177279216,222.04163374022426
2018-01-22,662.3936522483252,223.8470525214555
2018-01-23,664.2678995592057,224.32211770460125
2018-01-24,664.0972684850657,224.2350297795311
2018-01-25,664.4381546559513,224.33003729728034
2018-01-26,665.1196763461263,226.9272497800209
2018-01-29,661.201177279216,225.42283070939337
2018-01-30,653.7048146646849,223.11069596869967
2018-01-31,646.7195933177851,223.2214736858081
2018-02-01,651.1494216410239,222.96804672007792
2018-02-02,637.1794175875176,218.1140676593982
2018-02-05,610.7717053512158,208.99198003269245
2018-02-06,623.7198655097529,213.10963013501595
2018-02-07,629.001157305417,211.95350757586993
2018-02-08,620.3128210249693,204.0033540992688
2018-02-09,617.5865462755719,207.06780875287456
2018-02-12,628.1495685071935,210.10851842564293
2018-02-13,632.4089537449894,210.6310873676633
2018-02-14,634.9647227460449,213.47382102065475
2018-02-15,629.6830549729864,216.19780217505956
2018-02-16,628.319698278141,216.26111752489274
2018-02-20,621.1648484634861,214.90710172916855
2018-02-21,613.8005792401732,213.8380946894923
2018-02-22,611.4027834076476,214.11519765006094
2018-02-23,616.8830299078268,217.5281143815457
2018-02-26,626.1310085397782,220.05403673297485
2018-02-27,614.3139137092716,217.3063795837316
2018-02-28,609.5187606845138,215.1050087629465
2018-03-01,606.4356207249706,211.9771973679082
2018-03-02,612.7725317181971,213.06999078002124
2018-03-05,622.3630884193088,215.53262537601682
2018-03-06,627.8435855710842,216.07903587927314
2018-03-07,626.6446563233719,215.9997709664835
2018-03-08,630.4124511180432,217.0450882141215
2018-03-09,632.8101216247707,220.82218203404528
2018-03-12,633.8377931693524,220.54503768187726
2018-03-13,640.6884146090716,219.11969036324234
2018-03-14,634.5228239818748,217.99530136361176
2018-03-15,629.7275456313189,217.75778256923866
2018-03-16,632.1254041267435,217.99390784643302
2018-03-19,632.8101216247707,215.04428728667372
2018-03-20,634.7038570972587,215.41005105308852
2018-03-21,634.8757414293799,214.99664555580122
2018-03-22,641.7616420812699,209.62233269946697
2018-03-23,630.9165114780807,205.15427511409422
2018-03-26,639.0074196788918,210.76712775758597
2018-03-27,637.6304024720514,207.18160805673685
2018-03-28,634.5313461361469,206.56946769368423
2018-03-29,635.2205753629063,209.20885821618074
2018-04-02,632.8101216247707,204.69320029153482
2018-04-03,637.974359124991,207.31675162867322
2018-04-04,641.5903217152402,209.53485845280272
2018-04-05,648.9918127005947,211.1884804419519
2018-04-06,642.1062880260992,206.48197964982018
2018-04-09,638.8352846951743,207.49961971468082
2018-04-10,639.5237619671451,210.79891650590054
2018-04-11,637.974359124991,209.69389877477417
2018-04-12,637.6304024720514,211.41904544763116
2018-04-13,636.9416745484845,210.79891650590054
2018-04-16,642.1062880260992,212.53203796023578
2018-04-17,646.7541205751671,214.80584407991475
2018-04-18,646.4094746303379,214.9647878214877
2018-04-19,645.3717770219066,213.77233723529642
2018-04-20,645.3717770219066,211.95968872137556
2018-04-23,643.1224295972538,211.9278723786614
2018-04-24,646.0640140678208,209.07376983304354
2018-04-25,644.85299088059,209.59050255955302
2018-04-26,646.5828628720365,211.72119032581742
2018-04-27,652.46540518418,211.91991139438295
2018-04-30,653.3305918314994,210.2901309664697
2018-05-01,651.6005945142548,210.66381432556355
2018-05-02,650.9082948054415,209.24864934037313
2018-05-03,654.1960291304152,208.78758831501352
2018-05-04,667.3457758352279,211.49065291453772
2018-05-07,671.1518576612248,212.2061481012121
2018-05-08,671.32480726263,212.2061481012121
2018-05-09,667.3457758352279,214.2573088078909
2018-05-10,670.1137840753992,216.26070360889906
2018-05-11,669.5948099453854,216.92062367482208
2018-05-14,667.518537447936,217.02395090404426
2018-05-15,666.1342513448045,215.52930025086758
2018-05-16,663.0199679244286,216.43559691342844
2018-05-17,664.7497145900769,216.25278401621998
2018-05-18,666.8365771174675,215.71212694527583
2018-05-21,668.7493621112698,217.33396018611043
2018-05-22,669.61849652123,216.72978080733625
2018-05-23,670.835973987064,217.3259854046322
2018-05-24,668.9231263303627,216.8808325506297
2018-05-25,668.7493621112698,216.36404463532105
2018-05-29,668.4017710101847,213.87563687011902
2018-05-30,669.4449829537332,216.72978080733625
2018-05-31,668.05349061721,215.40200728561135
2018-06-01,668.4017710101847,217.5168834609172
2018-06-04,669.7926993806165,218.5503351167364
2018-06-05,670.1405411332977,218.70937543870784
2018-06-06,671.8794365822089,220.53789073238642
2018-06-07,672.4007292394878,220.5140077795511
2018-06-08,673.4443171604307,221.16591167239653
2018-06-11,673.9657351435078,221.4601645523033
2018-06-12,672.2270276832938,221.7463736647329
2018-06-13,671.3574546330402,221.0387290847386
2018-06-14,675.7044426037218,221.59532192143942
2018-06-15,674.6612933230723,221.31260350055655
2018-06-18,677.3756621216482,220.8574062851074
2018-06-19,677.0255645046009,220.0108514976343
2018-06-20,675.0989936730055,220.38623191230224
2018-06-21,671.7717817216239,219.004649311399
2018-06-22,665.64266090168,219.403995462101
2018-06-25,662.8405640444201,216.41719144890948
2018-06-26,666.342981461573,216.89634060319287
2018-06-27,665.9929465074246,215.0996140578289
2018-06-28,667.0492549968767,216.32938606945027
2018-06-29,669.8648870403333,216.6408578546941
2018-07-02,669.6888042939752,217.10405744602105
2018-07-03,673.0329978910019,216.33733325652892
2018-07-05,674.7930107368961,218.10225725637852
2018-07-06,677.4330613371872,219.94697046260976
2018-07-09,676.3768781735331,221.92746191196767
2018-07-10,677.6092694093435,222.72611282177226
2018-07-11,676.729482306543,221.09695326784953
2018-07-12,675.3208203356774,223.10141045324147
2018-07-13,676.024900669514,223.27710399535863
2018-07-16,679.8968412024227,223.0774861088068
2018-07-17,687.9928877609567,223.97991955542662
2018-07-18,698.5534034766159,224.45109392823178
2018-07-19,695.9005069820178,223.60460812675763
2018-07-20,695.016270813384,223.348918420262
2018-07-23,694.1320346447503,223.76425552551981
2018-07-24,696.4312617370547,224.89028639192532
2018-07-25,698.5531528250198,226.80696579225764
2018-07-26,696.7847431506514,226.271841398429
2018-07-27,695.7237349437698,224.7384620054437
2018-07-30,696.2539883956143,223.5646100445684
2018-07-31,697.6690419821841,224.66653720294198
2018-08-01,700.1449784498374,224.29129476027194
2018-08-02,705.2734354346945,225.51311958481466
2018-08-03,714.8232612514173,226.47939267485967
2018-08-06,716.592109566079,227.30994271057716
2018-08-07,719.4215274473289,228.06067594551348
2018-08-08,717.6529297842634,227.96486819017647
2018-08-09,718.3599552743558,227.65338260773285
2018-08-10,712.7011195118561,226.12808837382408
2018-08-13,712.7011195118561,225.28160257234993
2018-08-14,712.7011195118561,226.71902244080053
2018-08-15,712.878016875902,225.02603704065243
2018-08-16,715.0002839412614,226.84672932205044
2018-08-17,718.0061605462638,227.64533884025568
2018-08-20,718.8953470839233,228.13264213961455
2018-08-21,721.9157614815076,228.66758716984594
2018-08-22,722.2706214788835,228.53182272391908
2018-08-23,718.8953470839233,228.22833951735325
2018-08-24,716.0520180390821,229.60190594517888
2018-08-27,716.5852166471824,231.414733822697
2018-08-28,717.1181646036865,231.52653253258984
2018-08-29,720.1390176415644,232.7723368903664
2018-08-30,719.0726830882627,231.82993295595693
2018-08-31,717.1181646036865,231.83790773743516
2018-09-04,714.2751488733406,231.43872715313063
2018-09-05,710.7215358676559,230.8158663658417
2018-09-06,709.6555146288496,230.12098419565257
2018-09-07,707.701497447466,229.67374796448186
2018-09-10,708.4117814083095,230.07298373758553
2018-09-11,704.1475084643869,230.83173314559943
2018-09-12,701.8375660163433,230.8876945879449
2018-09-13,705.9242523043303,232.253175856694
2018-09-14,703.9697338197541,232.293187736083
2018-09-17,702.9040885583421,231.06340192726185
2018-09-18,704.3250324574235,232.31713967491729
2018-09-19,703.5218194172742,232.5646890335372
2018-09-20,701.5577135091419,234.44927614715957
2018-09-21,702.9858636416152,234.2351987952285
2018-09-24,699.5932942865144,233.45698153831188
2018-09-25,694.5939855366196,233.2403655016196
2018-09-26,692.8082182392117,232.54244794747683
2018-09-27,692.8082182392117,233.19229605755365
2018-09-28,687.4514176501805,233.21644115718493
2018-10-01,688.1653987220685,234.0266403232132
2018-10-02,685.4871237533509,233.8901584228973
2018-10-03,683.5231431710168,234.01858275853624
2018-10-04,677.8091640573443,232.18959836006482
2018-10-05,673.7021749900621,230.88992973431078
2018-10-08,663.5244669247595,230.88992973431078
2018-10-09,667.988634516683,230.55302970985522
2018-10-10,657.096632064997,223.2530002873267
2018-10-11,658.1676036728292,218.3355403104163
2018-10-12,669.4170979636516,221.36781989411338
2018-10-15,679.0590382419923,220.12440245190038
2018-10-16,681.737501199407,224.93765217880204
2018-10-17,680.3089124266404,224.9777606385896
2018-10-18,673.578603753116,221.72883742380066
2018-10-19,667.2968361110621,221.60851204443802
2018-10-22,667.2968361110621,220.61373393962828
2018-10-23,660.2973902860757,219.4906280795781
2018-10-24,647.1955806990438,212.84044676712637
2018-10-25,651.5029657175196,216.65887699761896
2018-10-26,648.2721919677913,212.8484077514048
2018-10-29,651.8615854888392,211.66920247701128
2018-10-30,659.3998069199423,214.8058026883154
2018-10-31,669.9889595804719,217.10012524408108
2018-11-01,672.1431220614527,219.41049394320177
2018-11-02,667.1178082084481,218.11090810064644
2018-11-05,689.1931329295493,219.3142170830719
2018-11-06,701.0386140533301,220.70196703228098
2018-11-07,697.6284990864924,225.42698366652996
2018-11-08,697.6284990864924,225.01785530117735
2018-11-09,701.0386140533301,222.8198096055415
2018-11-12,693.6801724796296,218.6563527999175
2018-11-13,684.8854972594772,218.24719684016532
2018-11-14,684.1677564136456,216.75514006054902
2018-11-15,688.6547333008269,219.01738412680456
2018-11-16,694.3982893028557,219.5869739257069
2018-11-19,691.0608632989275,215.87278153962262
2018-11-20,680.0569449095207,211.8777471518268
2018-11-21,682.9436993434103,212.59974081960195
2018-11-23,688.8964867653999,211.17985719208357
2018-11-26,688.1748608198266,214.5892004488229
2018-11-27,685.8295764967131,215.31123550819743
2018-11-28,692.8647401741637,220.26880394489535
2018-11-29,693.4061476220409,219.78753002184442
2018-11-30,689.9784870434665,221.12712774378875
2018-12-03,697.0136507209171,224.05522467187672
2018-12-04,688.3548913288255,216.7953037091357
2018-12-06,683.3041363388027,216.46636466895862
2018-12-07,677.892505713094,211.43655409416382
2018-12-10,675.3673788696788,211.83765248923905
2018-12-11,675.0059392679016,211.8857633249044
2018-12-12,677.171255744915,212.95270078461226
2018-12-13,676.0885661749587,212.88054142971413
2018-12-14,675.908786317556,208.949705412538
2018-12-17,641.2910437093303,204.85046077473348
2018-12-18,642.9263573860954,204.62584236216338
2018-12-19,631.8413532053052,201.56145669455657
2018-12-20,602.5844842745497,198.28041359865807
2018-12-21,595.1337402505341,194.21777293189461
2018-12-24,592.0447099784792,189.08591826745803
2018-12-26,619.4842921735998,198.63949952037484
2018-12-27,626.3896183241983,200.1645178102878
2018-12-28,634.3395350021246,199.90628941903097
2018-12-31,617.8915266052962,201.65727824709336
2019-01-02,624.4706297033891,201.86705087269013
2019-01-03,621.1810781543427,197.04992413264765
2019-01-04,637.263636523854,203.65025616226058
2019-01-07,651.7011058043469,205.2559328821419
2019-01-08,658.4629965789974,207.18439509109427
2019-01-09,656.4527707771571,208.15271016670812
2019-01-10,660.6560100573953,208.88696954509598
2019-01-11,664.1286625974947,208.9676693666637
2019-01-14,666.869600465272,207.69276671453144
2019-01-15,670.8903653834479,210.07311481098353
2019-01-16,676.0073550577772,210.58140365122196
2019-01-17,676.4664234562897,212.17907799522547
2019-01-18,680.5086190859441,215.00319922570114
2019-01-22,670.5877035809889,212.0983229848586
2019-01-23,673.1595142842036,212.54216510488115
2019-01-24,674.8131255274943,212.6551089823565
2019-01-25,676.099281530698,214.4544983872798
2019-01-28,672.4248544556259,212.82459378456846
2019-01-29,668.9340296747991,212.54216510488115
2019-01-30,673.3434298929443,215.90688821750183
2019-01-31,677.3853748710026,217.8030511817474
2019-02-01,676.2828211620443,217.90797888614517
2019-02-04,683.0809310923514,219.44113752393383
2019-02-05,689.1435665763929,220.36090025348906
2019-02-06,684.7342916840458,220.07040021192498
2019-02-07,679.4063786914812,217.97256357835894
2019-02-08,679.773583279972,218.2388219398932
2019-02-11,681.7944617746525,218.35980958484572
2019-02-12,684.1831714868143,221.1677604971683
2019-02-13,688.408781422017,221.88584955740308
2019-02-14,687.6736829531458,221.3937448325175
2019-02-15,686.754794201332,223.80632318767744
2019-02-19,701.6370447393517,224.19366577456273
2019-02-20,710.039074233995,224.64539989286473
2019-02-21,713.9167797536173,223.84665240266162
2019-02-22,724.0734330848358,225.234512729469
2019-02-25,721.1184387538699,225.54105891438803
2019-02-26,719.6416622117262,225.37970066285197
2019-02-27,722.0421525489113,225.2829409007295
2019-02-28,720.5649373664742,224.86328527193763
2019-03-01,709.3003413169783,226.2673159168981
2019-03-04,700.8061346978179,225.4443405438649
2019-03-05,692.3109881351717,225.1376287925484
2019-03-06,683.8166561902133,223.77395495697172
2019-03-07,680.1229916051298,221.90206126715552
2019-03-08,684.7399940078603,221.45824674153258
2019-03-11,692.4954677100039,224.66964157289456
2019-03-12,691.2030454168943,225.51694140915632
2019-03-13,700.4362982675667,227.0096466571627
2019-03-14,706.345910952104,226.86440353498057
2019-03-15,709.8543440075665,227.98523285706548
2019-03-18,715.5788504882811,228.81185069084304
2019-03-19,705.9263828428982,228.86863996517587
2019-03-20,699.4293054796747,228.17974577969528
2019-03-21,700.1722368109284,230.75703510594008
2019-03-22,690.333848344035,226.31578547975795
2019-03-25,694.4177774644633,226.14555562875736
2019-03-26,695.7171553393686,227.8312837018163
2019-03-27,694.9745999855093,226.63992309440837
2019-03-28,693.4896146035886,227.49901953648998
2019-03-29,690.5198944913437,228.93351439858523
2019-04-01,697.7590885681332,231.64836180672953
2019-04-02,697.9444454235522,231.76194035539518
2019-04-03,698.1302409192647,232.1266003458268
2019-04-04,695.9027001834849,232.74256253322108
2019-04-05,703.6990927587145,233.86904870721963
2019-04-08,706.854671029571,234.04736371729675
2019-04-09,702.7712432123352,232.8478903564127
2019-04-10,705.9263828428982,233.6421951482837
2019-04-11,709.8246417934122,233.57729312047474
2019-04-12,712.6088797244399,235.15759678994348
2019-04-15,712.7946125572533,235.0036476346943
2019-04-16,718.5489465779203,235.15759678994348
2019-04-17,714.8171829502085,234.58225355872898
2019-04-18,713.5112254709019,235.04418380767532
2019-04-22,715.7497948769163,235.24689226697996
2019-04-23,719.8553426975203,237.3620029946822
2019-04-24,718.7357446800178,236.835363878724
2019-04-25,722.4672576561334,236.6894446937522
2019-04-26,726.758726298248,237.79159260732237
2019-04-29,732.7296232980659,238.16439294562971
2019-04-30,736.4613242628787,238.28591868137403
2019-05-01,732.916045422769,236.49490417672283
2019-05-02,738.140689957683,235.98435259571895
2019-05-03,745.6041545502077,238.2941142180489
2019-05-06,745.2310596492052,237.31340925702423
2019-05-07,740.3795726781927,233.35041196713922
2019-05-08,739.0735525359871,233.02623296088942
2019-05-09,739.4466474369896,232.32114086285617
2019-05-10,755.4931746395415,233.48816320983576
2019-05-13,744.8577140966066,227.6205038806349
2019-05-14,755.3065645261412,229.67904608920097
2019-05-15,758.2920130260501,231.02441104065724
2019-05-16,757.9185421476534,233.16390142038722
2019-05-17,756.7937431095289,231.65650215460522
2019-05-20,761.8567173648685,230.1247922227944
2019-05-21,764.4820421838804,232.19961512711188
2019-05-22,768.0446159841306,231.48632749240377
2019-05-23,761.8567173648685,228.65790153559385
2019-05-24,762.2314415012464,229.1766072616732
2019-05-28,760.5439296295643,227.04510546062124
2019-05-29,756.0438561964795,225.52150828228656
2019-05-30,754.5436437300874,226.13745667248105
2019-05-31,743.2929588441829,223.09015193821338
2019-06-03,752.2935443506459,222.5229076632752
2019-06-04,762.2314415012464,227.35315554031732
2019-06-05,763.9192666874237,229.32240227184693
2019-06-06,764.106879407209,230.81363121947584
2019-06-07,762.0442047588556,233.12339284180578
2019-06-10,762.2314415012464,234.19317252467025
2019-06-11,762.0442047588556,234.13646603353615
2019-06-12,771.607377773078,233.72323989984613
2019-06-13,778.5452886311878,234.68758138192064
2019-06-14,783.7955622918172,234.42830440347979
2019-06-17,778.5135812042635,234.51735153092005
2019-06-18,782.663682346099,236.97300474382223
2019-06-19,786.2474362062314,237.50792217965403
2019-06-20,774.1749900620558,239.7772304122017
2019-06-21,774.9292633780394,239.4286303623248
2019-06-24,783.6070722914451,239.13546746120142
2019-06-25,774.9292633780394,236.79008146901546
2019-06-26,774.5518447370018,236.55387340862237
2019-06-27,773.5089461079486,237.39271556141324
2019-06-28,779.5762186465206,238.61420925316102
2019-07-01,781.0926608037691,240.78053518648122
2019-07-02,783.7469985450458,241.40753513370694
2019-07-03,784.5047183204777,243.33762541223447
2019-07-05,786.4007723202309,243.06074320686244
2019-07-08,791.3300866118758,241.72522945605576
2019-07-09,788.6760621850945,242.02647751625568
2019-07-10,794.1739169599094,243.18293120819663
2019-07-11,793.7951823979917,243.75300390909163
2019-07-12,799.2929118470086,244.8442244404287
2019-07-15,807.4451670259992,244.92573829678398
2019-07-16,802.3261721389001,244.13573823124727
2019-07-17,792.8962204480789,242.47441740461565
2019-07-18,799.1831891107547,243.36207405026113
2019-07-19,795.1819750170854,242.0101968205043
2019-07-22,780.7035242006075,242.60471815942594
2019-07-23,788.704887118662,244.33932971133842
2019-07-24,792.7053492575426,245.4876154610041
2019-07-25,791.9441830226624,244.31490866771134
2019-07-26,798.4209576065906,245.9518912339146
2019-07-29,796.3254475991298,245.50392375115507
2019-07-30,811.3753840550337,244.90134484755646
2019-07-31,813.4707687366964,242.22195624287073
2019-08-01,814.4239340942959,240.11266793347957
2019-08-02,812.5186686483809,238.30482084508537
2019-08-05,779.1796251583706,231.13815515572037
2019-08-06,798.4209576065906,234.37943472182604
2019-08-07,794.6106147034576,234.51787582451203
2019-08-08,813.2802108606553,239.11913157665086
2019-08-09,794.420432804811,237.49037214152202
2019-08-12,810.042042888838,234.59933449206815
2019-08-13,808.5183318352985,238.24781081555594
2019-08-14,805.8507722223202,231.20330553312553
2019-08-15,809.0893161715319,231.81406617619922
2019-08-16,822.805848798341,235.2345575703683
2019-08-19,824.6245767806544,238.06855759589314
2019-08-20,832.0898585972518,236.24434702854882
2019-08-21,835.9178724379196,238.16626936480105
2019-08-22,834.7695748126478,238.09297863952023
2019-08-23,829.4103303705531,231.97703870011063
2019-08-26,837.066483377687,234.54232446253872
2019-08-27,825.3895654523772,233.62207883099086
2019-08-28,836.1094329203456,235.26714655627066
2019-08-29,840.1290072434394,238.27217667038386
2019-08-30,844.3402673747574,238.16626936480105
2019-09-03,829.601702864282,236.7737455844649
2019-09-04,828.6446524069407,239.4611917538276
2019-09-05,828.2614687791896,242.53959537642038
2019-09-06,827.8785984659339,242.726850971961
2019-09-09,826.3469292242137,242.84898378449603
2019-09-10,826.9214226827945,242.79200134936613
2019-09-11,823.8590241428401,244.51852774220208
2019-09-12,826.5383017179425,245.36551024286865
2019-09-13,828.835460934578,245.2025929077564
2019-09-16,829.4103303705531,244.44518182812206
2019-09-17,832.4726662476086,245.06420699386956
2019-09-18,845.6467888201555,245.21078844443127
2019-09-19,844.3006644225516,245.19436977668198
2019-09-20,852.7625996486961,244.0360120711701
2019-09-23,843.3389142477808,243.9786709088457
2019-09-24,833.5308546240324,242.0641990604797
2019-09-25,835.2612279186714,243.4959068882175
2019-09-26,840.4539770379639,242.9887218239622
2019-09-27,833.1460417609057,241.67967110235142
2019-09-30,831.0298529967553,242.80050042443636
2019-10-01,819.1060432491496,239.91252575333573
2019-10-02,793.7197989304226,235.6744674884509
2019-10-03,796.7964846113628,237.6054407877649
2019-10-04,802.7581075021197,240.82068503786815
2019-10-07,808.7207329992617,239.78159032733512
2019-10-08,801.4122964190111,236.05907822977787
2019-10-09,807.758982824491,238.3007920627469
2019-10-10,808.1437330247186,239.91252575333573
2019-10-11,809.105169884994,242.39960898735796
2019-10-14,805.8357331265457,242.12973575947893
2019-10-15,810.4511062939007,244.52691643967398
2019-10-16,812.7591688549726,244.1341377560717
2019-10-17,812.4693529468208,244.85413082987742
2019-10-18,814.9818218846259,243.78230916144415
2019-10-21,821.1660860557425,245.43496534660807
2019-10-22,819.0406231825311,244.63323766125046
2019-10-23,826.5777793443502,245.34498000958214
2019-10-24,817.4946667998254,245.74584385226098
2019-10-25,825.997520899056,246.7522391992933
2019-10-28,832.9557971993601,248.1430521268556
2019-10-29,835.2741991387768,248.06934748558106
2019-10-30,836.2403983793807,248.83031824276105
2019-10-31,831.9889086668665,248.16755595368141
2019-11-01,840.1061979481817,250.4665281657761
2019-11-04,840.2988236998917,251.47289591840888
2019-11-05,842.8118566037883,251.19471677625668
2019-11-06,841.6520916679884,251.2520303441815
2019-11-07,837.2070989231772,252.13557542428975
2019-11-08,812.2761632290192,252.75744281319385
2019-11-11,819.2334369229384,252.27470638696522
2019-11-12,822.1324732850437,252.80642287244592
2019-11-13,830.4427016325643,252.88832305039531
2019-11-14,829.2828113709663,253.2564047463747
2019-11-15,831.6023412425661,255.08908679438966
2019-11-18,828.5103658142555,255.27725300511634
2019-11-19,829.3839492900489,255.20360355264097
2019-11-20,829.3839492900489,254.25452177353344
2019-11-21,815.5965449244031,253.8455451773785
2019-11-22,817.5384681662682,254.40993343196033
2019-11-25,818.8978144355738,256.38169125385156
2019-11-26,822.7814729306067,256.96260855378097
2019-11-27,834.6272673688828,258.10805208029007
2019-11-29,837.1516422575093,257.1508575477064
2019-12-02,832.2971474673419,254.96631931066432
2019-12-03,824.9177764853555,253.2564047463747
2019-12-04,831.3261231835103,254.81904800011313
2019-12-05,829.9667769142047,255.27725300511634
2019-12-06,834.044439744727,257.60892458071174
2019-12-09,838.8993105122888,256.79902895307885
2019-12-10,839.8703347961203,256.5126818686513
2019-12-11,840.8411084283557,257.24084288473233
2019-12-12,846.5041426050925,259.4579701076768
2019-12-13,843.5750280514384,259.61338176610366
2019-12-16,850.8001229759394,261.3970285660674
2019-12-17,847.870757770689,261.454286945193
2019-12-18,847.0898527226051,261.47059523534404
2019-12-19,849.6289533925107,262.54236171497814
2019-12-20,847.4805558982433,263.6934344990012
2019-12-23,849.2381875539733,264.09625754405016
2019-12-24,850.6046147308726,264.10453586392373
2019-12-26,852.9485204702067,265.5104429280555
2019-12-27,851.0841738973778,265.44460269066093
2019-12-30,847.5527435579603,263.9811888978073
2019-12-31,845.7869030624533,264.6224551496151
2020-01-02,849.3187720421643,267.09714849822655
2020-01-03,851.0841738973778,265.07464457551015
2020-01-06,850.8884150007148,266.08595172566754
2020-01-07,851.0841738973778,265.33778476989204
2020-01-08,852.0651615821598,266.7518597762991
2020-01-09,854.8119897624489,268.56064507427897
2020-01-10,855.5969052360726,267.7878087252802
2020-01-13,864.2292208847609,269.6293761699594
2020-01-14,866.58346600244,269.21838518263525
2020-01-15,874.4309915033025,269.82684169334414
2020-01-16,878.3550675682292,272.07137015507016
2020-01-17,875.412355165479,272.9180491173414
2020-01-21,873.539674427075,272.3837387583003
2020-01-22,879.0580826327817,272.4165760937989
2020-01-23,877.8758217162193,272.72905507462735
2020-01-24,867.6273045749791,270.30361772926375
2020-01-27,859.1518341626377,265.97082789062546
2020-01-28,860.530793919349,268.7579726256658
2020-01-29,857.7718717995414,268.53594808665605
2020-01-30,857.9689466170846,269.40746200854807
2020-01-31,848.9022517521134,264.51560963444666
2020-02-03,850.2824647668059,266.4805240452424
2020-02-04,856.3921600880414,270.5420885304223
2020-02-05,860.1374589019501,273.66627126191605
2020-02-06,863.2902800052481,274.5871515646542
2020-02-07,867.6273045749791,273.1236549886018
2020-02-10,874.919323475676,275.16254998466786
2020-02-11,875.7077480716472,275.63949158698495
2020-02-12,875.116084978724,277.4153843606671
2020-02-13,886.9424539182914,277.11940683078666
2020-02-14,884.9715177541617,277.5633731256073
2020-02-18,881.4236697351905,276.8480435053304
2020-02-19,882.7103897044857,278.17174685311744
2020-02-20,882.1166587358935,277.0289523889679
2020-02-21,877.1663523730635,274.17602260533215
2020-02-24,859.9400081070125,265.0828953009842
2020-02-25,777.1737230965655,257.0503311500414
2020-02-26,794.4001926884146,256.1047538596804
2020-02-27,763.1149883779905,244.60269066091692
2020-02-28,731.2361784247722,243.57502003180943
2020-03-02,770.2428931460496,254.1233931867358
2020-03-03,754.6010429456262,246.8471639338438
2020-03-04,762.323117322571,257.22298930820494
2020-03-05,748.4627733424195,248.67236789957295
2020-03-06,730.6420714787856,244.56160259994434
2020-03-09,648.66753219796,225.4627322111841
2020-03-10,663.5182006348535,237.12924423423644
2020-03-11,620.3527999545694,225.56952253755338
2020-03-12,525.1119609766796,203.98768048030811
2020-03-13,557.9807194092455,221.4257957276281
2020-03-16,435.61311142834205,197.1965883664081
2020-03-17,401.1359217027076,207.8436528914274
2020-03-18,337.17812516522446,197.31994912972436
2020-03-19,380.5493734689202,197.73920463972235
2020-03-20,356.1654535521052,189.21781949744388
2020-03-23,314.59284977157415,184.37987278291934
2020-03-24,363.960310886308,201.0852463438283
2020-03-25,392.5417050966477,204.0955745826606
2020-03-26,467.0924767315032,216.01265755108673
2020-03-27,471.28970037343174,209.57858177893505
2020-03-30,429.1173813174483,216.38480942100395
2020-03-31,409.9299389624199,213.15943802625537
2020-04-01,367.35817525637935,203.56627260714302
2020-04-02,353.5672617683862,208.26362585581444
2020-04-03,346.5717637060405,205.25333900858152
2020-04-06,376.7517511342964,219.03945964646746
2020-04-07,426.51912687083023,219.26276732505755
2020-04-08,459.09763075495084,226.62300772746667
2020-04-09,523.0555526182321,230.07163161200617
2020-04-13,508.06533390513226,227.97110452448123
2020-04-14,522.2559426947788,234.69464554821278
2020-04-15,495.2737996627953,229.70774426476274
2020-04-16,498.07232473480866,230.81594914904045
2020-04-17,484.8721657277023,237.05159359382216
2020-04-20,464.11467310527956,232.87520881199555
2020-04-21,440.53622209298,225.80436467516736
2020-04-22,436.90869819785416,230.81594914904045
2020-04-23,447.79111322598396,230.7993787120935
2020-04-24,490.9179135604472,234.0164579897687
2020-04-27,519.3331570939297,237.39059079264567
2020-04-28,508.04747497890025,236.29892875091537
2020-04-29,542.7098962341556,242.4849308708551
2020-04-30,525.5804601415007,240.22718469173088
2020-05-01,502.0015078260086,233.86761379844154
2020-05-04,484.2674060888756,234.51271567179083
2020-05-05,507.2415047711923,236.67937273790596
2020-05-06,521.3481766075481,235.07497915760507
2020-05-07,530.6184632315649,237.9115730566903
2020-05-08,542.3070364560997,241.8481073173794
2020-05-11,542.5084350136781,241.89780483102052
2020-05-12,555.4064021900683,237.07642855344292
2020-05-13,557.2202424662551,232.88343194307
2020-05-14,549.1588484909012,235.67046630051198
2020-05-15,578.5819620928625,236.7537396447704
2020-05-18,620.0962580458183,243.96523243625091
2020-05-19,642.1084185646671,241.45944019931434
2020-05-20,610.4595814509986,245.56132010227864
2020-05-21,626.6898362735941,243.8660305697657
2020-05-22,615.7344189680596,244.32906459469518
2020-05-26,652.0494488602207,247.33942042792705
2020-05-27,656.5127391715573,251.0195475277315
2020-05-28,645.5575725176191,250.55648590840246
2020-05-29,632.978998137737,251.67287253215522
2020-06-01,646.3686810830499,252.69011247822198
2020-06-02,649.6149952317451,254.78245782627187
2020-06-03,669.6993943239163,258.17309208009686
2020-06-04,675.1774476226284,257.4949873048515
2020-06-05,695.4651251593498,264.09440871927836
2020-06-08,726.708533316101,267.2867772121309
2020-06-09,711.6956306335414,265.29360613616666
2020-06-10,684.915512788127,263.81333216517044
2020-06-11,636.2248736461387,248.60467883740657
2020-06-12,672.1344119184834,251.58194898554365
2020-06-15,670.9169971155484,253.93059111687987
2020-06-16,687.5530568724555,258.8181663590466
2020-06-17,678.2658512656926,257.743088551463
2020-06-18,666.6314187859455,257.8423180123478
2020-06-19,662.7530239744335,256.36880466924833
2020-06-22,655.6091401671141,258.0134584785345
2020-06-23,648.2613512862539,259.20128700279633
2020-06-24,635.8104838946558,252.5893377309608
2020-06-25,640.0970021677447,255.29725894481086
2020-06-26,628.4625696879975,249.2335827982032
2020-06-29,631.1160301486873,252.89673934226678
2020-06-30,635.4024230959781,256.13618388080044
2020-07-01,632.7489626352882,257.93034414700367
2020-07-02,626.6253561504615,259.3507658653138
2020-07-06,634.5858628583289,263.3543821113786
2020-07-07,617.4402284062671,260.63832054965286
2020-07-08,612.3377138616207,262.63182275841206
2020-07-09,584.9865490170737,261.1366478116434
2020-07-10,597.2331980206357,263.8030394541276
2020-07-13,604.5813002159912,261.5188026514079
2020-07-14,616.0117022963994,264.9077812412582
2020-07-15,638.260227270502,267.34149690649537
2020-07-16,645.8119838878021,266.4610423991399
2020-07-17,652.6944380802438,267.2335752097433
2020-07-20,634.410030763567,269.3931957039659
2020-07-21,636.6699055552618,269.9664417608124
2020-07-22,640.5731775377005,271.5029531181499
2020-07-23,635.6426099880745,268.2635637684154
2020-07-24,617.768832648937,266.5357404387992
2020-07-27,612.221850161259,268.47951753951776
2020-07-28,614.0710323125155,266.7766671415203
2020-07-29,622.494116541243,270.05772403461856
2020-07-30,621.0562536594153,269.09415519573224
2020-07-31,622.6996508501593,271.22057962726177
2020-08-03,616.1254981210922,273.1061601392689
2020-08-04,628.8629229500909,274.16103884636095
2020-08-05,637.9026101055674,275.86394443315754
2020-08-06,636.2584609600348,277.7079125906002
2020-08-07,658.2415458937198,277.9072821275558
2020-08-10,678.1693504011405,278.73790114927226
2020-08-11,668.5136242850066,276.43696973480746
2020-08-12,671.5953229978714,280.29118990155354
2020-08-13,674.2660784187018,279.78452913089023
2020-08-14,673.8550098008691,279.79283504516343
2020-08-17,676.3204189014803,280.68159546679203
2020-08-18,657.6111571291776,281.2880099919321
2020-08-19,647.8948986525519,280.11679329621654
2020-08-20,637.5583401381325,280.988997078098
2020-08-21,631.5630046076813,281.9857067908783
2020-08-24,642.7265254009936,284.8431344616453
2020-08-25,639.0053518032229,285.83989936322473
2020-08-26,622.8804959768461,288.7056053538654
2020-08-27,629.9092680385925,289.3368548386262
2020-08-28,632.8033540316721,291.2058235220871
2020-08-31,625.7746446328248,290.1508896261959
2020-09-01,627.4285065277116,292.88372858286544
2020-09-02,632.1833046454749,297.1200208061773
2020-09-03,619.9862846579683,286.89477807031676
2020-09-04,616.0583234933,284.55239986768487
2020-09-08,617.2986102543917,276.7776225976057
2020-09-09,628.6687932888035,282.2433281053444
2020-09-10,617.0920106761914,277.34247995698036
2020-09-11,626.6016069117178,277.4836804996242
2020-09-14,633.0102669243678,281.13850353501505
2020-09-15,634.250929662854,282.5588424701265
2020-09-16,629.7022924829978,281.4375440432487
2020-09-17,629.4958808934946,278.9621608346478
2020-09-18,630.115992942591,275.7506142340881
2020-09-21,613.9909491275171,272.68162030175165
2020-09-22,619.1591343903781,275.4587482697449
2020-09-23,605.1016529297842,269.07053438969297
2020-09-24,600.9667788724203,269.7877404291412
2020-09-25,618.7455592565831,274.14936641533916
2020-09-28,631.9636711842701,278.70291145060656
2020-09-29,617.8089369043353,277.18502631298463
2020-09-30,615.519297235587,279.28664337929297
2020-10-01,637.375677787373,281.07964468071384
2020-10-02,640.0819630719703,278.4109627030646
2020-10-05,633.2127934141294,283.34804229807537
2020-10-06,624.4698150857013,279.32000500838353
2020-10-07,630.0904891426736,284.1820002421409
2020-10-08,638.0004895538989,286.7005962804819
2020-10-09,639.249423795061,289.26083226778707
2020-10-12,630.2984673046533,293.91432421832826
2020-10-13,628.2169311236829,291.99626509801703
2020-10-14,631.9636711842701,290.1615134700337
2020-10-15,621.1394073264678,289.80289665310977
2020-10-16,624.6784825395706,289.6278101877833
2020-10-19,606.9848610352302,285.22446146942247
2020-10-20,620.5149715373364,286.3670351783754
2020-10-21,612.8133879283841,285.8249431986531
2020-10-22,616.7684194654463,287.39274660511273
2020-10-23,625.3026676771059,288.3685121686128
2020-10-26,620.5149715373364,283.0394817219871
2020-10-27,619.2661626219724,282.0636333752883
2020-10-28,590.445991434765,272.4231435608986
2020-10-29,578.498745762911,275.1919104258195
2020-10-30,574.0969904184511,272.32297589042815
2020-11-02,590.8650809036774,275.3753303998187
2020-11-03,600.9262986396276,280.23727044477687
2020-11-04,602.8126398900266,286.50037131713935
2020-11-05,615.1788497049948,292.0879612878168
2020-11-06,602.8126398900266,292.02129321843483
2020-11-09,626.0782463787698,295.69076888000194
2020-11-10,653.1166606941091,295.257040107425
2020-11-11,649.3439155304121,297.45040855233225
2020-11-12,643.2653010071102,294.5648069995954
2020-11-13,649.1341828072588,298.64295571892205
2020-11-16,661.291098539367,302.3708211299976
2020-11-17,661.0816164678099,300.7444900020316
2020-11-18,654.1648230066834,297.12509817569975
2020-11-19,656.2608969802358,298.3760350917979
2020-11-20,652.907178622552,296.3328629637972
2020-11-23,667.5792577971249,298.109169653473
2020-11-24,678.4433752587292,302.91285792092066
2020-11-25,685.8270699807507,302.4459330856506
2020-11-27,682.4519835744876,303.2881141607905
2020-11-30,657.1370496348907,301.9453706772942
2020-12-01,668.3173640851511,305.2479512020638
2020-12-02,674.4357695493559,305.8900728802586
2020-12-03,687.5147071782309,305.80671019913154
2020-12-04,684.3505440902032,308.4420305476902
2020-12-07,668.9505100172519,307.808187189369
2020-12-08,668.1066287556127,308.70895117481433
2020-12-09,663.4658771141385,305.94018430989337
2020-12-10,664.0984590801478,305.84001663942297
2020-12-11,661.5667526323313,305.48148260569775
2020-12-14,664.5201803908207,304.1137385961832
2020-12-15,672.9586170298178,308.2251109726026
2020-12-16,675.2791495078025,308.70895117481433
2020-12-17,665.9970195958634,310.4351740292549
2020-12-18,657.7695689380009,309.1956336001827
2020-12-21,660.7230593593894,308.0901191698639
2020-12-22,659.0354848248082,307.5709305417919
2020-12-23,656.7150776726216,307.8472608591723
2020-12-24,656.0818064147227,309.0449129896842
2020-12-28,659.6683174424138,311.6998253619437
2020-12-29,663.8873477732151,311.1051660510241
2020-12-30,686.0381186247844,311.5490771570456
2020-12-31,680.5532977329738,313.13205748327346
2021-01-04,665.5856376635355,308.8689986923704
2021-01-05,673.4406827122853,310.99633373908597
2021-01-06,668.9822174441762,312.85561678829475
2021-01-07,671.742518147763,317.5038382085164
2021-01-08,676.2009834158721,319.312899450492
2021-01-11,668.3454370639299,317.16050868895906
2021-01-12,672.5913497784279,317.2274251079372
2021-01-13,668.9822174441762,318.08183050209044
2021-01-14,684.0565924307134,316.967844591101
2021-01-15,686.3917880270782,314.65628933279845
2021-01-19,693.6100526955817,317.1270090878706
2021-01-20,692.5487311742048,321.51559480245686
2021-01-21,693.1856368802493,321.8086749203815
2021-01-22,701.253171819711,320.6696884833739
2021-01-25,704.650064914847,321.9343398160626
2021-01-26,714.2041518087059,321.4318182053361
2021-01-27,710.8070080619736,313.5758858060962
2021-01-28,695.1062547364339,316.2727416657152
2021-01-29,679.7260848024846,309.94106871039986
2021-02-01,690.6204684443347,315.1002004388199
2021-02-02,692.9703271590796,319.555730166784
2021-02-03,700.8738106288026,319.8070875525458
2021-02-04,707.4959004756506,323.44190464824214
2021-02-05,713.9044351625025,324.71488948960365
2021-02-08,719.6719910548711,327.05999953779383
2021-02-09,709.2052190362054,326.8421693475201
2021-02-10,729.4984735709432,326.69986502889304
2021-02-11,732.489060428575,327.2274975432361
2021-02-12,735.6937037493954,328.8439222817533
2021-02-16,738.2568043096409,328.5591204837022
2021-02-17,738.2568043096409,328.6344531945519
2021-02-18,736.7613542235773,327.23585864630843
2021-02-19,747.8694810141207,326.65800432473225
2021-02-22,761.1137860336147,324.1453962710998
2021-02-23,761.1137860336147,324.53905797548856
2021-02-24,788.6700465467848,328.11520937768074
2021-02-25,766.8674307623921,320.20905517120775
2021-02-26,787.9186557241579,318.5591032372025
2021-03-01,781.258968137874,326.2810924208877
2021-03-02,788.5627676635942,323.7350123605664
2021-03-03,802.0955726703598,319.446953043645
2021-03-04,798.2293971241646,315.4938897376083
2021-03-05,788.9924471624477,321.29790258418103
2021-03-08,793.5031732883727,319.6982000518085
2021-03-09,796.9402959647051,324.26270006370856
2021-03-10,807.4660337713862,326.2810924208877
2021-03-11,812.1918189668846,329.5892746087718
2021-03-12,824.650393895067,330.0331305259941
2021-03-15,845.0572562658003,332.0013562647393
2021-03-16,835.17600637595,331.5825560623344
2021-03-17,834.7462642141975,332.7131813962697
2021-03-18,807.2511000276108,327.8723510669892
2021-03-19,819.4951171894123,327.26566059785335
2021-03-22,825.7245613107511,329.8789606155483
2021-03-23,816.4879246635296,327.2824655871967
2021-03-24,820.7838423714774,325.61877164220135
2021-03-25,831.7393850028101,327.4505430750302
2021-03-26,847.8273950445396,332.7274477008519
2021-03-29,845.4520325298774,332.55937021301844
2021-03-30,854.3062375041367,331.6770392864916
2021-03-31,845.4520325298774,333.02143843396266
2021-04-01,860.5688302990783,336.6177889366464
2021-04-05,871.3665877505782,341.4493475476685
2021-04-06,880.868351123722,341.2477152699474
2021-04-07,891.4504228766579,341.6426187223172
2021-04-08,891.8817316108868,343.26428639675436
2021-04-09,895.5532761926022,345.75992389464596
2021-04-12,903.1115497514045,345.88589232872243
2021-04-13,901.3833696582326,346.9109690842695
2021-04-14,896.6327699547064,345.72625872716003
2021-04-15,905.9186596405891,349.4401889664483
2021-04-16,912.1811271097325,350.60817711741316
2021-04-19,915.8529850059432,348.8856243181165
2021-04-20,908.5100211683106,346.33132112672075
2021-04-21,918.8759059194899,349.6082388598822
2021-04-22,922.3312008365497,346.41526329023895
2021-04-23,924.7064380254137,350.17127498888465
2021-04-26,930.3212217698745,350.9022782281222
2021-04-27,937.4482492573468,350.82669716767634
2021-04-28,927.5757721733647,350.725867231616
2021-04-29,927.1410796425865,352.96095840868617
2021-04-30,924.1036835993569,350.64175950170034
2021-05-03,920.1984064041483,351.3980668053515
2021-05-04,912.6039136896894,349.2301679912553
2021-05-05,913.0375409511836,349.3394142191871
2021-05-06,902.1894025288397,352.1290976389887
2021-05-07,904.1418531377468,354.69187231105514
2021-05-10,897.1983026187218,351.17965713268666
2021-05-11,879.840303601746,348.0454300397463
2021-05-12,827.5488662910809,340.6510691622582
2021-05-13,856.8413277485024,344.7431254589725
2021-05-14,879.6234899709988,350.0368626685371
2021-05-17,886.3502268592767,349.14611545013884
2021-05-18,883.3123921757538,346.138049952072
2021-05-19,883.9630837195914,345.23047014993074
2021-05-20,888.3027401310829,348.94448317241773
2021-05-21,890.038377109243,348.65879835358015
2021-05-24,896.1135451730964,352.2131777745048
2021-05-25,889.3878735541026,351.43162159523916
2021-05-26,898.2835613675394,352.1290976389887
2021-05-27,896.2118632617214,352.3138973329668
2021-05-28,896.6485610052696,352.94420860814193
2021-06-01,905.3702966109163,352.6332749136899
2021-06-02,903.8440163785152,353.1878395620217
2021-06-03,903.1897530494313,351.87694001563915
2021-06-04,897.7385821344159,355.0951920552964
2021-06-07,907.1148317207428,354.75073116535634
2021-06-08,910.1670788710495,354.8263398202018
2021-06-09,911.4759815066119,354.2969412642857
2021-06-10,907.5509028353003,355.9438854087369
2021-06-11,913.8745292939262,356.53203244135585
2021-06-14,915.8372566182792,357.33031082676615
2021-06-15,909.5135048338552,356.6748334591753
2021-06-16,919.5444563895596,354.6834560191836
2021-06-17,907.3332745868655,354.5658762825791
2021-06-18,889.4523536772351,349.78266305961876
2021-06-21,914.7472981520319,354.79008077915546
2021-06-22,916.2731397441396,356.686837022992
2021-06-23,916.4915826102622,356.25697146635605
2021-06-24,921.9423775478832,358.3644661397746
2021-06-25,918.2357417426944,359.637395792337
2021-06-28,911.3332980854526,360.362411046866
2021-06-29,903.0066520583783,360.55628929830544
2021-06-30,900.3770034993313,360.85980009927084
2021-07-01,902.7873945745679,362.85771741196265
2021-07-02,915.0589834119556,365.631175324812
2021-07-06,916.5925325406477,364.9652396797808
2021-07-07,899.7200456655877,366.25508469928485
2021-07-08,891.8310999884466,363.27083316805437
2021-07-09,909.3610460004426,367.1486741408398
2021-07-12,917.6881306678102,368.4637128471591
2021-07-13,911.552430243465,367.2076709671389
2021-07-14,906.5124532720804,367.7556405539714
2021-07-15,905.4166671562206,366.4995710795516
2021-07-16,900.3770034993313,363.62484172024864
2021-07-19,880.8753067055177,358.25488877904786
2021-07-20,902.3491302585433,363.388799226253
2021-07-21,910.6757136227185,366.33091410932695
2021-07-22,906.2934464398661,367.09809360641214
2021-07-23,910.0181918228833,370.87474591594264
2021-07-26,918.126457646734,371.78519553564007
2021-07-27,920.7556049025885,370.09078902391366
2021-07-28,918.2235224773777,369.93904742063074
2021-07-29,912.9382202561737,371.4732684428032
2021-07-30,905.4524476715837,369.6692569759504
2021-08-02,908.7547824520384,368.89371637579296
2021-08-03,916.2419962833068,371.8948004907664
2021-08-04,911.6170983552947,370.0655125538996
2021-08-05,918.0031997242833,372.4090773157134
2021-08-06,919.1036855575725,373.02443242631693
2021-08-09,925.2696521621638,372.72100440855024
2021-08-10,932.9763114659398,373.18464551027046
2021-08-11,936.2791475495869,374.11195530811045
2021-08-12,942.0049072882827,375.2331433573899
2021-08-13,942.6655622330708,375.9160219637623
2021-08-16,940.2431398812147,376.801112330247
2021-08-17,928.7929363247035,374.33111002956394
2021-08-18,925.7097963651602,370.2340867409255
2021-08-19,899.5068038200869,370.80730520337244
2021-08-20,925.0492667461702,373.7578639727174
2021-08-23,927.251554333629,377.0456263049133
2021-08-24,929.2336444937915,377.64417642617343
2021-08-25,932.7564273531387,378.436604798873
2021-08-26,922.4673673162068,376.202617397786
2021-08-27,929.5477736067786,379.566209140024
2021-08-30,923.1313433946451,381.23536677613595
2021-08-31,920.2547403504032,380.6705370111609
2021-09-01,919.1483642046022,380.8729143376706
2021-09-02,927.335209303874,382.0447105157773
2021-09-03,920.9185284401442,381.95191054999435
2021-09-07,908.5276921058455,380.5862913092473
2021-09-08,915.1656356661556,380.12259501872796
2021-09-09,918.4842001374667,378.4956016251722
2021-09-10,907.6425159937259,375.51137768834127
2021-09-13,910.076530981908,376.47238024806677
2021-09-14,912.0675819366361,374.4407425790899
2021-09-15,922.6889433272825,377.56831942173176
2021-09-16,915.3867730369378,376.96982448927076
2021-09-17,914.5015969248183,373.29769976534413
2021-09-20,897.6855693218112,367.07314826919304
2021-09-21,903.438650084497,366.72647982728665
2021-09-22,917.820850688019,370.30390057185946
2021-09-23,920.4758777211854,374.8030570455573
2021-09-24,918.2633134182807,375.4204541417297
2021-09-27,927.1145105733851,374.34631454373175
2021-09-28,919.3306505779674,366.8025851813245
2021-09-29,923.3338072215075,367.4199546830973
2021-09-30,913.9934634763418,362.9292145012709
2021-10-01,921.9994634489268,367.2423571274092
2021-10-04,923.3338072215075,362.5063579221279
2021-10-05,922.8887753123844,366.2782639949309
2021-10-06,923.5554458954822,367.80053664208583
2021-10-07,919.5524772406393,370.98040487192924
2021-10-08,927.7809931677858,370.30390057185946
2021-10-11,925.112869588716,367.62291149199814
2021-10-12,930.894336644676,366.7180635354152
2021-10-13,944.0155090675173,368.0373517792696
2021-10-14,948.9076642600197,374.227962163939
2021-10-15,947.3506165441803,377.0780497244182
2021-10-18,957.5803348157025,378.1943811593718
2021-10-19,965.8090387315463,381.1120749988186
2021-10-20,963.5851951068108,382.6090159871603
2021-10-21,970.923521889913,383.60691225912245
2021-10-22,973.1471148630521,383.2094425275918
2021-10-25,975.5932237907529,385.26450784181094
2021-10-26,980.0410990289209,385.6112038781169
2021-10-27,973.5921467721753,383.902944977802
2021-10-28,981.6361204615906,387.60716198843863
2021-10-29,979.1784815604628,388.3936299708293
2021-11-01,970.6872200975583,389.06177316782674
2021-11-02,979.1784815604628,390.6347919158067
2021-11-03,978.7315071014689,393.01958271059095
2021-11-04,981.6361204615906,394.87185678230674
2021-11-05,1017.8359759452796,396.24189112698633
2021-11-08,1025.6569323769409,396.5801432770212
2021-11-09,1021.6349142007837,395.2692989194378
2021-11-10,1018.7300501890658,392.0894030951948
2021-11-11,1025.6569323769409,392.216309738857
2021-11-12,1024.093179730902,395.1763057928578
2021-11-15,1020.7408399569975,395.31160113399187
2021-11-16,1028.3383404906112,396.87614840130124
2021-11-17,1030.7964806949315,395.9120276744233
2021-11-18,1041.0752640164176,397.25670276589017
2021-11-19,1041.5220504867145,396.5463125431378
2021-11-22,1040.8522467586636,395.4300087025838
2021-11-23,1045.7900832045807,395.9543022945778
2021-11-24,1041.5248076542732,397.01147133683486
2021-11-26,1017.2831011868744,388.156842428045
2021-11-29,1010.7737418954353,392.9181732921395
2021-11-30,997.5296248646383,385.2728965392829
2021-12-01,988.9995750672158,380.9936674302267
2021-12-02,997.9788551879985,386.8290551091203
2021-12-03,986.9801378192136,383.4631454373178
2021-12-06,988.3265128684138,388.0046869087684
2021-12-07,992.591475104226,396.03046283741486
2021-12-08,991.4691199191649,397.07916039900124
2021-12-09,986.755491326084,394.39822650793906
2021-12-10,985.6330108152247,398.1108874048467
2021-12-13,978.6744212004253,394.5842955442978
2021-12-14,951.5139395577174,391.8695033249527
2021-12-15,963.4109295845254,397.99245224185523
2021-12-16,962.0638025805365,394.48280334264757
2021-12-17,950.3915843726562,390.2843430411581
2021-12-20,943.8826637215104,386.1343385053286
2021-12-21,962.7821700553587,392.9916571782174
2021-12-22,974.4824612420178,396.9210720838152
2021-12-23,990.0078211130889,399.39071565730376
2021-12-27,999.4578249316094,405.04290411739487
2021-12-28,999.9078072097582,404.7119644832483
2021-12-29,1007.1083382778277,405.2297182025422
2021-12-30,1003.7328758941702,404.10944076844885
2021-12-31,1009.3578736911777,403.0909866688006
2022-01-03,1003.8186614029831,405.4248657963623
2022-01-04,1014.6703716105736,405.2890461616363
2022-01-05,1005.8535763870531,397.5065700540747
2022-01-06,1006.0794761381638,397.13327301657495
2022-01-07,1003.8186614029831,395.5632068693498
2022-01-10,997.2621169485518,395.07100556406573
2022-01-11,1008.3403535362436,398.66934286351915
2022-01-12,1013.7668979319285,399.7471801110606
2022-01-13,1005.1749371902348,394.23928276636616
2022-01-14,996.8098788060367,394.40046165430493
2022-01-18,1006.7575513688906,387.4157948273608
2022-01-19,1008.3403535362436,383.39305566238806
2022-01-20,985.9580432726482,379.1496440839849
2022-01-21,958.82757715859,371.7066894688389
2022-01-24,928.7582837415234,373.28522709673456
2022-01-25,968.5496006219292,368.72776365672706
2022-01-26,969.00146278705,367.8027441940521
2022-01-27,968.0974878052124,365.98656359698515
2022-01-28,971.7143903389475,375.07596565739
2022-01-31,1000.201821532147,381.831433401434
2022-02-01,1001.2234147755199,384.4115373564358
2022-02-02,999.8606220467661,388.14572188501484
2022-02-03,981.9123385206465,379.02237871312826
2022-02-04,992.8178761585293,380.80453541551475
2022-02-07,991.2275544432891,379.5824346469762
2022-02-08,991.2275544432891,382.70562398008514
2022-02-09,989.6369194135536,388.3069007729536
2022-02-10,978.5046047439731,381.33078820987885
2022-02-11,963.0555056210578,373.81145229669914
2022-02-14,960.7839128672389,372.58929633936145
2022-02-15,972.3704708921043,378.5979768476089
2022-02-16,977.368714372715,379.02237871312826
2022-02-17,970.0989408011843,370.92585074396226
2022-02-18,974.1880709422346,368.5240893934372
2022-02-22,959.1935911519987,364.5692324514278
2022-02-23,952.6052766077439,358.1022641549784
2022-02-24,946.6979197875728,363.4913676094868
2022-02-25,978.5046047439731,371.51143149742046
2022-02-28,991.4543941378857,370.560969998334
2022-03-01,976.0432060689018,364.9171978301144
2022-03-02,989.5141627942953,371.630252982006
2022-03-03,990.6560061409641,369.7800760846582
2022-03-04,974.9019266883246,366.7758462081328
2022-03-07,923.0746961338949,355.9635326212369
2022-03-08,919.6493540825858,353.2648279368461
2022-03-09,933.5766220389332,362.7361088930196
2022-03-10,922.6176956110514,361.0981329284315
2022-03-11,918.7360423287884,356.5067007825427
2022-03-14,911.8867368099493,353.90126516872766
2022-03-15,933.5766220389332,361.6837136818897
2022-03-16,934.9466836639781,369.70377756982333
2022-03-17,954.3536341544132,374.32915082719387
2022-03-18,958.2352247737772,378.4290715277881
2022-03-21,964.9821391155524,378.3183627966786
2022-03-22,975.0462393448594,382.74524953788006
2022-03-23,953.5459093855316,377.8161171299479
2022-03-24,959.7210247733855,383.51143563658036
2022-03-25,962.2374414738314,385.38435031918095
2022-03-28,966.3543939420642,388.1256331621216
2022-03-29,971.6151949697357,392.92703109440424
2022-03-30,970.7004419692599,390.50084870025205
2022-03-31,975.2747082748316,384.4904573392307
2022-04-01,979.2972904170804,385.5800773953922
2022-04-04,965.9644427212147,388.883237402553
2022-04-05,965.2750881686572,383.9711583335604
2022-04-06,945.7347910290227,380.13167357618937
2022-04-07,949.8726729055415,382.0471112285406
2022-04-08,956.5390654220248,381.0255941505392
2022-04-11,947.5740097793287,374.5129295283876
2022-04-12,947.5740097793287,373.125345145576
2022-04-13,962.2866318495934,377.3989449971181
2022-04-14,958.6085076634768,372.699673937676
2022-04-18,965.9644427212147,372.85290563853613
2022-04-19,987.1139231087064,378.8717408858285
2022-04-20,1003.4347884833425,378.5907471149193
2022-04-21,989.4128995494146,372.929535286166
2022-04-22,969.8722264323858,362.69670409042135
2022-04-25,979.757549410675,364.7994801215119
2022-04-26,929.6430838762486,354.2345503268384
2022-04-27,942.9765582011048,355.2305425852296
2022-04-28,950.3329318991363,364.20355146821174
2022-04-29,925.0456322980248,350.7440795353379
2022-05-02,905.9785027091913,352.8554098302979
2022-05-03,933.481186443665,354.47288315599906
2022-05-04,951.0460356904374,365.267646704763
2022-05-05,917.7649553820577,352.28497840220837
2022-05-06,936.9480113341518,350.18222996551737
2022-05-09,892.3422412560778,338.9703494727228
2022-05-10,898.813877482283,339.753506127164
2022-05-11,878.9377072036878,334.3561795415811
2022-05-12,854.4390828501437,334.0071655757106
2022-05-13,874.084027031208,341.9925157089743
2022-05-16,889.5690319952846,340.60484854296396
2022-05-17,904.8224348844359,347.61125975677606
2022-05-18,875.7016697704383,333.59852011235057
2022-05-19,861.8349968374819,331.5553203899503
2022-05-20,831.0965263213549,331.70008061013976
2022-05-23,842.6521915369839,337.9062266417719
2022-05-24,834.7940760061801,335.3267573579604
2022-05-25,853.7460938494406,338.28923690792334
2022-05-26,868.0752816403581,345.04873343430586
2022-05-27,888.1822393761909,353.51941386735854
2022-05-31,881.2486522581163,351.5357904536485
2022-06-01,880.6673912064371,348.69240833226695
2022-06-02,889.0348934436984,355.3327246468693
2022-06-03,874.1598491390705,349.50117258951707
2022-06-06,892.056561099264,350.5653782036667
2022-06-07,896.7053335918177,353.92805933071855
2022-06-08,883.6891215249017,350.0799927150785
2022-06-09,873.2298690541231,341.75412769101445
2022-06-10,855.3330944310306,331.8447856415301
2022-06-13,817.9123776849584,319.24526557712477
2022-06-14,816.2852101850709,318.2832144302153
2022-06-15,832.3229019188555,322.82078230812664
2022-06-16,803.9666241733883,312.13669989607257
2022-06-17,828.1392134631238,312.8095893297976
2022-06-21,851.5474407101273,320.68414794875304
2022-06-22,867.6187197578079,320.1027339496313
2022-06-23,869.9482130303583,323.240603503316
2022-06-24,895.10285527416,333.517613332786
2022-06-27,908.8450170266846,332.2437178762384
2022-06-28,899.7616538305634,325.45505406950133
2022-06-29,897.8981218754222,325.189982267149
2022-06-30,897.4318472435178,322.54806685709104
2022-07-01,924.7194719084182,325.95947969379876
2022-07-05,942.0517164738803,326.57511074839806
2022-07-06,920.7374953247603,327.6779761163573
2022-07-07,934.0886405871514,332.58566767581686
2022-07-08,948.3760322243959,332.3120692039947
2022-07-11,947.2046746522699,328.5158800595625
2022-07-12,955.4033003765649,325.6088928471522
2022-07-13,955.1686904824847,323.89897828286263
2022-07-14,944.1601350385474,323.11237232847407
2022-07-15,959.6187589221198,329.28540508061184
2022-07-18,971.32964013872,326.5665288901291
2022-07-19,993.3468136894936,335.3901692881921
2022-07-20,990.067664181691,337.5276038851535
2022-07-21,1006.6979589518846,340.96465191906975
2022-07-22,992.8785338448192,337.80117476257607
2022-07-25,993.5812355948765,338.2115586731095
2022-07-26,1015.1298786493795,334.2102603566093
2022-07-27,1028.4808359230735,342.8883954856942
2022-07-28,1045.1111306932671,347.18909303762257
2022-07-29,1054.4798607317068,352.250623374733
2022-08-01,1047.0662758068338,351.20755507066065
2022-08-02,1043.0653750276597,348.8905361212415
2022-08-03,1052.9502593656557,354.3539236994156
2022-08-04,1044.4779847611662,354.11451468867136
2022-08-05,1065.6587965981878,353.51604735060994
2022-08-08,1047.3017003186017,353.10563584567694
2022-08-09,1043.0653750276597,351.70345402548827
2022-08-10,1056.48056177289,359.09061276468634
2022-08-11,1012.9411262481177,359.09061276468634
2022-08-12,1028.4737550154796,365.1696865862589
2022-08-15,1031.0621713869455,366.6744643840809
2022-08-16,1031.7686955738452,367.39271901071317
2022-08-17,1007.9989660621656,364.78488268413486
2022-08-18,1013.8821976661986,365.84519748794384
2022-08-19,999.9966632006251,360.92889647581575
2022-08-22,985.4044792223534,353.41350656177576
2022-08-23,995.2896768748445,352.55846649643223
2022-08-24,1011.7641290150763,353.68704984479876
2022-08-25,1011.2933426544396,358.6802288541529
2022-08-26,995.2896768748445,346.5392449275457
2022-08-29,992.9359957232572,344.2479163641343
2022-08-30,974.5790874323682,340.4687529642421
2022-08-31,982.3453391531501,337.87810794860127
2022-09-01,962.118757943012,338.93833996921154
2022-09-02,955.7316539676385,335.36442371338524
2022-09-06,948.1617877725101,334.0990549263074
2022-09-07,952.1832419825759,340.1011679674552
2022-09-08,957.1510939571425,342.3241452031103
2022-09-09,962.8284152748649,347.6422758619024
2022-09-12,964.2482939046623,351.378585159249
2022-09-13,941.7737438536508,336.0997316789571
2022-09-14,942.010484286299,337.3822917769724
2022-09-15,940.5916709257856,333.55183038826357
2022-09-16,939.6452104983855,331.0072128311199
2022-09-19,939.8819509310337,333.57415425752265
2022-09-20,919.486242556333,329.74518296639104
2022-09-21,919.7231083147792,323.9931579686245
2022-09-22,886.9946521132083,321.27166031018174
2022-09-23,863.7525442116126,315.88890356757645
2022-09-26,819.6401191378368,312.76389300409534
2022-09-27,824.1459575576351,311.96544905228757
2022-09-28,841.2218482030435,318.103795644155
2022-09-29,788.0971823235794,311.4589262536222
2022-09-30,797.8208350222943,306.64268253436626
2022-10-03,809.6789740516851,314.7384654547436
2022-10-04,845.7281252631352,324.4911265034205
2022-10-05,832.2096700602543,323.73567462615625
2022-10-06,808.8208056490604,320.39600722835297
2022-10-07,793.0694833639794,311.4589262536222
2022-10-10,777.3178477644032,309.08084089793556
2022-10-11,778.033708723263,307.1234045694256
2022-10-12,779.9427966060207,306.1104693496931
2022-10-13,795.217128903458,314.1890057703339
2022-10-14,790.9214618471065,307.0290317228667
2022-10-17,813.8327096416662,314.91879485599003
2022-10-18,829.3456622587233,318.6189003010894
2022-10-19,831.7321161065191,316.36101614996727
2022-10-20,827.4366997017638,313.7081733576762
2022-10-21,827.1978287305476,321.33184369566277
2022-10-24,837.698877354999,325.26376969162226
2022-10-25,867.7700506590375,330.4577807411097
2022-10-26,864.9063561720018,327.9681312279266
2022-10-27,863.9517495677239,326.21671468667074
2022-10-28,880.6576157941837,333.97766716256103
2022-10-31,881.6122223984617,331.565226779399
2022-11-01,889.0106429017623,330.1143684383536
2022-11-02,890.2043084659534,321.82972944726004
2022-11-03,892.3520166683312,318.5159180018619
2022-11-04,930.7759037654528,323.10034117025776
2022-11-07,948.0573913826764,326.1910518950626
2022-11-08,937.0166898715215,327.95091232258955
2022-11-09,908.6951900350325,321.19439599136155
2022-11-10,913.7354803209124,338.84542962583026
2022-11-11,913.0155462736136,342.12494123255215
2022-11-14,905.5745776618514,339.2145599089937
2022-11-15,915.6555342110056,342.1077775160142
2022-11-16,903.8944600122584,339.49792679826663
2022-11-17,909.8951218891298,338.4590804373298
2022-11-18,907.0150723854395,339.99575736106476
2022-11-21,911.815175779223,338.75961104314075
2022-11-22,920.6960751484817,343.31828863672973
2022-11-23,923.3357497713783,345.48171715809417
2022-11-25,927.4164204210555,345.4044804336736
2022-11-28,906.5350119157418,339.8928026562369
2022-11-29,910.3754956733227,339.3090431331509
2022-11-30,917.8157749931952,349.99751305473796
2022-12-01,918.5357090404939,349.7399193346714
2022-12-02,913.4952934288159,349.33643402403266
2022-12-05,899.8149172947643,343.0520854639947
2022-12-06,884.6937331226293,338.1071138707044
2022-12-07,884.6937331226293,337.5318534226886
2022-12-08,886.3839394989709,340.17611435671074
2022-12-09,886.6253169861495,337.63494609951437
2022-12-12,903.0445631123096,342.5027361571832
2022-12-13,903.0445631123096,345.0953679695937
2022-12-14,901.3540434214726,342.88897496808534
2022-12-15,897.9738813203857,334.5013812721639
2022-12-16,893.386079828617,330.5521811820682
2022-12-19,869.1750155188586,327.74925245046893
2022-12-20,871.1119257287988,328.1976890380213
2022-12-21,877.4068525796553,333.1050770590855
2022-12-22,873.5334081371691,328.3529075356511
2022-12-23,890.7229692814719,330.2417717812082
2022-12-27,888.7860590715317,328.9393989042954
2022-12-28,883.94384620958,324.85139898431913
2022-12-29,897.9859125970052,330.69879022702946
2022-12-30,894.5966017126553,329.82774540993034
2023-01-03,893.6285225850796,328.4391676287339
2023-01-04,907.4283342047393,330.9748721948137
2023-01-05,899.5126941325987,327.1972816756975
2023-01-06,898.0504553830367,334.70061283712164
2023-01-09,904.8708733054092,334.51084615121937
2023-01-10,913.3960353967051,336.8567012481982
2023-01-11,930.933187642093,341.1172489487396
2023-01-12,945.303858272188,342.3591624961756
2023-01-13,937.9964869612214,343.68739132549354
2023-01-17,954.5596071036229,343.0577423159083
2023-01-18,949.201114616317,337.6415135666141
2023-01-19,939.7017950962365,335.1835700185469
2023-01-20,953.5852616861412,341.4276859439992
2023-01-23,964.0592399381987,345.5243505054432
2023-01-24,962.1106744290333,345.1535093695059
2023-01-25,954.803679095461,345.28287191473055
2023-01-26,957.2388220158263,349.0776813391838
2023-01-27,964.0592399381987,349.8797677517359
2023-01-30,947.9830105214924,345.4898299115703
2023-01-31,962.8410731804751,350.5697381188001
2023-02-01,967.2255335647944,354.29545116670846
2023-02-02,973.3146754551383,359.45298241995295
2023-02-03,976.9684864364197,355.63228944869496
2023-02-06,973.0709794406945,353.4588993490826
2023-02-07,969.7645089089018,358.08170632729235
2023-02-08,960.4559979164586,354.1661714046826
2023-02-09,948.9433194495848,351.0957701579676
2023-02-10,958.0063798664105,351.915130664656
2023-02-13,965.1101594183316,356.046233036774
2023-02-14,971.7237897738065,355.8824602752748
2023-02-15,973.9283332256315,357.038113729628
2023-02-16,971.7237897738065,352.12217144469446
2023-02-17,986.6660087062265,351.24240679732844
2023-02-21,964.130738306026,344.1961492705248
2023-02-22,975.1533929022518,343.72185673056725
2023-02-23,984.4613399286035,345.5502340522479
2023-02-24,1004.0577830257956,341.8589588150137
2023-02-27,1040.800361878242,343.023249316435
2023-02-28,1040.800361878242,341.75547981659383
2023-03-01,1026.8382533500173,340.4445250814121
2023-03-02,1032.226824028872,343.0922353153816
2023-03-03,1035.4117285364885,348.594696563359
2023-03-06,1040.3102126817957,348.83614755967204
2023-03-07,1023.1958470163648,343.48895999812356
2023-03-08,1032.3070325396686,344.04959541436267
2023-03-09,971.2358337788273,337.70197289609087
2023-03-10,935.2824314771408,332.8290778745
2023-03-13,937.9906593116089,332.3547025513437
2023-03-14,957.6913734728366,337.84858194105215
2023-03-15,949.0722796958499,335.7355407933183
2023-03-16,957.6913734728366,341.62606208257006
2023-03-17,947.5948138618165,337.6315519883662
2023-03-20,950.9349343704043,340.8780882875916
2023-03-21,971.4670598763582,345.35398268244467
2023-03-22,953.6555694588862,339.4669106931403
2023-03-23,956.376893839258,340.38464523432646
2023-03-24,971.7145783276447,342.6182187194198
2023-03-27,974.1888228970233,343.25885030003735
2023-03-28,975.9202614609463,342.48838706940234
2023-03-29,974.6831705077066,347.46638915898825
2023-03-30,970.9720856366845,349.5008966455213
2023-03-31,976.1672786090403,354.4269660751002
2023-04-03,983.3414912595047,355.77760155687605
2023-04-04,981.3624089184971,353.8036637774181
2023-04-05,968.0524958436874,352.87731978356334
2023-04-06,978.0038655175857,354.25386640654347
2023-04-10,976.2624635527122,354.61739502659236
2023-04-11,975.7649201341769,354.7126232995382
2023-04-12,974.5208735991415,353.2668975168145
2023-04-13,986.4630435761717,357.9591871931632
2023-04-14,984.2238475411666,357.0848310481146
2023-04-17,993.1801303779944,358.3661218037493
2023-04-18,994.6731366109946,358.5998739625799
2023-04-19,1004.3759225643225,358.5393042555048
2023-04-20,993.1801303779944,356.5826681645827
2023-04-21,996.4143505871709,356.85968834195256
2023-04-24,1000.6440336108125,357.2319643866679
2023-04-25,992.9313586687267,351.56139805645745
2023-04-26,982.7309039710655,350.0722662831965
2023-04-27,1000.1459888890847,357.04150784077615
2023-04-28,1008.1081874952268,360.08895054704175
2023-05-01,1008.3565832271001,359.72536673819366
2023-05-02,1004.1270255292567,355.68234568953056
2023-05-03,1010.5954659476099,353.240931186811
2023-05-04,988.2046961926414,350.7389193826167
2023-05-05,1009.0966947278962,357.2319643866679
2023-05-08,1030.1145830273622,357.32722025401335
2023-05-09,1012.0990622105512,355.7602446795411
2023-05-10,1006.0939512678467,357.4224485269592
2023-05-11,998.8382141857054,356.799146229277
2023-05-12,990.8314622583317,356.3316419116158
2023-05-15,989.0799089038105,357.5609448184444
2023-05-16,976.8197247140515,355.17151816453094
2023-05-17,981.0730943135377,359.48294993789534
2023-05-18,982.0743847776153,362.9458815186164
2023-05-19,983.8261261208337,362.4177798994805
2023-05-22,981.0730943135377,362.56496842683293
2023-05-23,978.5711527427746,358.49598104816636
2023-05-24,981.3237459097771,355.8987409710262
2023-05-25,982.574560037911,358.9807594599638
2023-05-26,993.3339051322872,363.6298087121728
2023-05-30,994.5851579007145,363.76833259805755
2023-05-31,992.3326773311088,361.7512371776586
2023-06-01,998.3376629480152,365.18820242837614
2023-06-02,1008.8464817719502,370.4692738085342
2023-06-05,1013.1001020230325,369.75932509617513
2023-06-06,1012.0990622105512,370.5644468926809
2023-06-07,1016.2509179135604,369.28307335384744
2023-06-08,1019.5222345589805,371.51681240533827
2023-06-09,1007.1931211802557,372.1834379103589
2023-06-12,1003.418621455385,375.55977826520217
2023-06-13,995.1154113525591,378.03585133379255
2023-06-14,987.0641687668528,378.48597117971923
2023-06-15,990.3354854122729,383.17837123366627
2023-06-16,986.3090181702825,381.8731837279965
2023-06-20,980.3624343752998,379.89193343265015
2023-06-21,969.9870875263625,377.9455072695721
2023-06-22,964.1667068100863,379.30974679034017
2023-06-23,966.6972226628208,376.4421367861286
2023-06-26,980.8684372852082,374.90413533121387
2023-06-27,983.1461083402361,379.0143211484513
2023-06-28,992.256541908751,379.2054951487321
2023-06-29,1006.1751623850282,380.70003542431044
2023-06-30,1013.0073609324239,385.19256924210947
2023-07-03,1019.8400607830121,385.6357904881415
2023-07-05,1013.5134891681304,385.0622960816987
2023-07-06,1014.0224372342947,382.0469456621431
2023-07-07,1015.2952460399985,381.0824110192716
2023-07-10,1018.8586971208356,382.0469456621431
2023-07-11,1022.1675488427925,384.48005425058955
2023-07-12,1026.2395720123993,387.57357960415146
2023-07-13,1029.293761712577,390.64963770278
2023-07-14,1038.4569574421005,390.40631028729564
2023-07-17,1047.6197145313304,391.76194035539515
2023-07-18,1056.7828475979547,394.67292875574435
2023-07-19,1060.600647386076,395.5505962287424
2023-07-20,1048.3831366305767,392.92631364001517
2023-07-21,1056.2736488801945,392.92631364001517
2023-07-24,1064.1636598266196,394.6816209916116
2023-07-25,1064.6732345217745,395.75915470075773
2023-07-26,1071.8001366834485,395.82002794622815
2023-07-27,1075.363023798194,393.1956625743022
2023-07-28,1075.8720971901564,397.0452192875195
2023-07-31,1075.8720971901564,397.8012230527753
2023-08-01,1075.1083617764148,396.66287128695797
2023-08-02,1081.4716538501457,391.1449571752165
2023-08-03,1087.5796572731065,390.02401747553324
2023-08-04,1079.6897716524793,388.2600178880695
2023-08-07,1083.5287515004827,391.64894128912067
2023-08-08,1069.1972451823,389.945842541527
2023-08-09,1056.9136877311919,387.33891683013474
2023-08-10,1044.1181117318654,387.4779374152119
2023-08-11,1040.7912130949794,387.25202206586164
2023-08-14,1040.2795078612564,389.38959463482087
2023-08-15,1031.834428954959,384.853765204083
2023-08-16,1033.3697953077237,382.0295887848082
2023-08-17,1019.0387276298346,379.118600384459
2023-08-18,1036.4405906761522,379.3010545544729
2023-08-21,1027.7399098045896,381.76890449198885
2023-08-22,1013.66482006936,380.73480436777953
2023-08-23,1019.0387276298346,384.9753461286265
2023-08-24,1020.3180533770407,379.6399689700977
2023-08-25,1017.7593392197294,382.31634978522936
2023-08-28,1022.8772061746454,384.7407109490093
2023-08-29,1026.2041048115316,390.30208624008714
2023-08-30,1031.5783883494005,391.90962558194
2023-08-31,1032.346071525783,391.3361587698969
2023-09-01,1040.7912130949794,392.06608582755086
2023-09-05,1031.5783883494005,390.37159653262574
2023-09-06,1025.4367976125436,387.74728634949895
2023-09-07,1035.4745167613464,386.5568639516767
2023-09-08,1036.7612367306415,387.1390229995871
2023-09-11,1046.5424139706934,389.6851030599085
2023-09-12,1046.2849321184565,387.5474753021501
2023-09-13,1045.5127998762407,387.9993060008506
2023-09-14,1052.4624913593736,391.3447682225654
2023-09-15,1055.55076967664,386.62979594976304
2023-09-18,1060.956447326938,386.85653913110065
2023-09-19,1056.4214079961775,386.05425955775144
2023-09-20,1052.7938527696022,382.50512307274676
2023-09-21,1039.3200135508519,376.18294259088646
2023-09-22,1048.1298531925768,375.3370914606026
2023-09-25,1052.5349296706868,376.9154635221009
2023-09-26,1040.0972841507905,371.3780953586565
2023-09-27,1041.9113750785734,371.5263048787933
2023-09-28,1055.1257898952158,373.680158143504
2023-09-29,1052.7938527696022,372.7733509845509
2023-10-02,1042.688833667209,372.62505868121536
2023-10-03,1030.2508121699184,367.637067418982
2023-10-04,1033.6196949491746,370.31416568850267
2023-10-05,1028.5366685661359,370.1746484042331
2023-10-06,1032.1855918412905,374.5696912083208
2023-10-09,1044.4363765961905,376.967782503702
2023-10-10,1043.6546569304187,378.92977190814236
2023-10-11,1041.5694236384038,380.4820120732397
2023-10-12,1034.792556430878,378.16239925026014
2023-10-13,1034.5314401304954,376.2788331294222
2023-10-16,1053.2984144328323,380.23785682576795
2023-10-17,1047.5642578656625,380.2203619764351
2023-10-18,1044.697430233674,375.15391983619963
2023-10-19,1036.0957567426258,371.85768602333314
2023-10-20,1017.3284691257938,367.28827420830805
2023-10-23,1008.9874732948348,366.651671410029
2023-10-24,1017.0681047802001,369.41602317101734
2023-10-25,1008.9874732948348,364.1140904247778
2023-10-26,1000.907343112662,359.75398213055666
2023-10-27,987.092617723026,358.1232358986582
2023-10-30,990.2205616553971,362.40494850367645
2023-10-31,993.8700488966434,364.68093458092216
2023-11-01,1024.3662646450048,368.57019963513306
2023-11-02,1047.5642578656625,375.63356568967544
2023-11-03,1060.336084626245,379.06059695654466
2023-11-06,1063.2032882356282,379.93263517202865
2023-11-07,1052.84799351439,381.013949313917
2023-11-08,1056.7803410819924,381.2930114768557
2023-11-09,1058.6157373954557,378.319383789463
2023-11-10,1056.5186608155184,384.22298482411503
2023-11-13,1061.4994840101906,383.85672435850785
2023-11-14,1068.8399413318607,391.30387332238985
2023-11-15,1069.8889182621228,392.13225719774044
2023-11-16,1063.3345043462596,392.61190305121625
2023-11-17,1062.5477089856638,393.10021354615975
2023-11-20,1071.1994501330607,396.12616021515356
2023-11-21,1073.8211405039272,395.26281423553684
2023-11-22,1079.3268281411247,396.788867315434
2023-11-24,1082.2101987784652,397.03299496850616
2023-11-27,1085.3562522886646,396.3179964810242
2023-11-28,1085.0943213705943,396.71041643743195
2023-11-29,1080.3751784423962,396.43129908569404
2023-11-30,1083.5212319525956,397.9922590810582
2023-12-01,1092.6967096103347,400.3467512251051
2023-12-04,1096.8917400507962,398.2452169419955
2023-12-05,1093.2210727496677,398.1666556863952
2023-12-06,1091.123745518134,396.56212413409634
2023-12-07,1102.8567467381024,399.58807080309015
2023-12-08,1110.766183183236,401.30598774325756
2023-12-11,1109.710939963068,402.86686495542295
2023-12-12,1117.88443786484,404.7068871137258
2023-12-13,1122.630525839634,410.28782683410486
2023-12-14,1131.8580137035926,411.60460398759767
2023-12-15,1128.430979754009,410.9269407227456
2023-12-18,1140.2949464330125,413.2383580090503
2023-12-19,1138.83540218811,415.7512696010781
2023-12-20,1130.07989127987,409.99005566825184
2023-12-21,1138.3047727588712,413.87752708649015
2023-12-22,1139.1012182059221,414.7092498841898
2023-12-26,1144.1420724578934,416.4604180758494
2023-12-27,1152.1022658512657,417.2134140515512
2023-12-28,1162.1857289163822,417.37100566754475
2023-12-29,1147.061286273496,416.1627572875947
2024-01-02,1152.8990872757108,413.83373477435885
2024-01-03,1153.959719505198,410.4541106859657
2024-01-04,1167.5674693392393,409.1320078133542
2024-01-05,1166.7672641182448,409.6923672855975
2024-01-08,1173.7039217183733,415.54111065388724
2024-01-09,1168.101231913431,414.9106890011138
2024-01-10,1168.101231913431,417.25717876928286
2024-01-11,1165.699738969861,417.07331728489044
2024-01-12,1167.8339119860418,417.36225824287834
2024-01-16,1165.96643226826,415.82999642307595
2024-01-17,1165.165725744073,413.51860673117085
2024-01-18,1169.968586305415,417.1959192022183
2024-01-19,1177.9731450313216,422.3967184740021
2024-01-22,1204.9208234688222,423.28989399956333
2024-01-23,1209.9908786317555,424.5243294647135
2024-01-24,1211.3243451237495,424.9884396712265
2024-01-25,1216.1269550334953,427.29988455193075
2024-01-26,1222.5304766884224,426.7570475234199
2024-01-29,1215.0596805367077,430.13664401741346
2024-01-30,1226.7995746755726,429.803993530493
2024-01-31,1208.122772284983,422.79073890558544
2024-02-01,1199.5845763106827,428.32429904188797
2024-02-02,1209.7233080527699,432.83344468823327
2024-02-05,1201.185488055864,431.25739055629964
2024-02-06,1205.7211540156147,432.5094588427806
2024-02-07,1207.5989104488426,436.116764322097
2024-02-08,1195.528406854538,436.30940082555543
2024-02-09,1194.1867941856663,438.8310046534506
2024-02-12,1198.7471493276466,438.6383681499921
2024-02-13,1189.0909219083203,432.59696068384443
2024-02-14,1190.9684276899518,436.52830719741274
2024-02-15,1202.502536868304,439.5401807226214
2024-02-16,1203.8438988855794,437.35136535364467
2024-02-20,1203.8438988855794,434.94353323521227
2024-02-21,1203.8438988855794,435.3374984779964
2024-02-22,1226.911991916486,444.34704234602066
2024-02-23,1216.4506715700386,444.65350574774095
2024-02-26,1232.0084908228225,443.02488428461004
2024-02-27,1235.7636277118838,443.8479424408419
2024-02-28,1218.5968758628387,443.2613682889989
2024-02-29,1226.107024315163,444.8548344870667
2024-03-01,1218.864947745017,449.0313296464916
2024-03-04,1227.1803144502603,448.54969699624615
2024-03-05,1219.4012168351712,444.06690400149836
2024-03-06,1240.5924307134367,446.31708931513805
2024-03-07,1240.3223536184887,450.7473977618872
2024-03-08,1236.2779647873672,448.0419324495997
2024-03-11,1240.8613798762017,447.65665944268284
2024-03-12,1244.3668677754083,452.47226849074843
2024-03-13,1245.1758458022712,451.763064827178
2024-03-14,1235.4691120863024,450.8700272736147
2024-03-15,1245.7149973857822,447.7740460184903
2024-03-18,1241.1310809937552,450.4351947250546
2024-03-19,1245.745326228927,452.93833789963156
2024-03-20,1249.545204427917,457.12769204926013
2024-03-21,1251.7158472513506,458.63834745419246
2024-03-22,1248.4590057356136,457.76882032907014
2024-03-25,1251.9876789074724,456.50416899638134
2024-03-26,1259.3154783235325,455.660966928457
2024-03-27,1269.6289142281987,459.4903521355823
2024-03-28,1284.0129320557935,459.40238118972565
2024-04-01,1273.4285417755925,458.60321978352886
2024-04-02,1275.8708909293496,455.68745755205254
2024-04-03,1278.8564020921576,456.1879371772102
2024-04-04,1275.8708909293496,450.61969088063734
2024-04-05,1290.875396783435,455.32724025995304
2024-04-08,1298.5130015724471,455.58188137926464
2024-04-09,1300.4228414099935,456.1089344112166
2024-04-10,1297.96758369903,451.5418681201557
2024-04-11,1303.6966019084769,454.949638496119
2024-04-12,1280.508822740366,448.66987060641105
2024-04-15,1273.4157585441842,443.048919006643
2024-04-16,1275.8711415809457,442.2408170149827
2024-04-17,1281.0542406137831,439.62357099814807
2024-04-18,1288.1470541583687,438.7189713911613
2024-04-19,1299.0586700974604,434.88966896723474
2024-04-22,1313.789965711645,438.8946373388789
2024-04-23,1328.2481764117265,444.1027767209506
2024-04-24,1331.2489773219052,443.892010696969
2024-04-25,1327.9750914976237,442.20574453311826
2024-04-26,1340.2511294008448,446.39515387154603
2024-04-29,1356.0735114134595,447.97609221220506
2024-04-30,1353.0728358290792,440.87955768936916
2024-05-01,1368.0763390767797,439.4479326448301
2024-05-02,1360.9837761837903,443.5582564340654
2024-05-03,1374.0775649197426,449.05630257811026
2024-05-06,1387.9907337238014,453.69362421049834
2024-05-07,1389.6352588467284,454.19432459085266
2024-05-08,1387.7163955517174,454.23814449738353
2024-05-09,1391.2797839696555,456.85541810861776
2024-05-10,1354.003379880118,457.4439238684313
2024-05-13,1341.6696921097619,457.5054041906925
2024-05-14,1365.7892685868928,459.6045377610387
2024-05-15,1351.5367175215256,465.2957722965336
2024-05-16,1333.4466905177326,464.3383570087533
2024-05-17,1336.187440396813,465.00597591215876
2024-05-20,1335.913352876325,465.5415280191809
2024-05-21,1343.0402550379993,466.68349465134304
2024-05-22,1328.7872026694395,465.3396473918636
2024-05-23,1311.5198142045042,461.94076241256454
2024-05-24,1330.7056899870563,464.9971457042936
2024-05-28,1321.6606764851597,465.3220973537316
2024-05-29,1309.600825583695,462.06369546268735
2024-05-30,1328.513491126346,458.99842677429405
2024-05-31,1343.0402550379993,463.1791162824549
2024-06-03,1360.8555678923137,463.5567732350881
2024-06-04,1351.5367175215256,464.07494087037566
2024-06-05,1343.0402550379993,469.5905094581529
2024-06-06,1337.2839158045622,469.5817344390869
2024-06-07,1342.792987238309,469.0109166894033
2024-06-10,1346.3734199647913,470.4599538000765
2024-06-11,1349.6792638675934,471.5929798467752
2024-06-12,1349.9546046460623,475.4662401492305
2024-06-13,1353.535288024141,476.42360024821164
2024-06-14,1359.043732828897,476.7134518213856
2024-06-17,1365.1041124485723,480.50762657464855
2024-06-18,1370.3375924522538,481.7284028120073
2024-06-20,1370.6129332307228,480.41976600639015
2024-06-21,1363.1308577571774,479.77565753142574
2024-06-24,1377.2639733369365,478.2161876336388
2024-06-25,1376.7090307028623,480.057561917521
2024-06-26,1378.649324709352,480.65680189877065
2024-06-27,1389.4566695844078,481.4144889224008
2024-06-28,1399.155633100893,479.5200782025284
2024-07-01,1399.4327284405358,480.5070194978578
2024-07-02,1424.373188895351,483.74069680687955
2024-07-03,1437.397547139145,485.89940668591606
2024-07-05,1447.9282979777508,488.7013420191305
2024-07-08,1448.902204754939,489.26526116891944
2024-07-09,1427.7423223262035,489.7410989952534
2024-07-10,1448.6244827863059,494.58711707165475
2024-07-11,1446.675541299746,490.3225681831744
2024-07-12,1433.3106728624607,493.41529329914846
2024-07-15,1438.600424149498,494.77227549282736
2024-07-16,1415.7700741576245,497.7063328112243
2024-07-17,1402.6846822501464,490.7279299129845
2024-07-18,1402.6846822501464,486.95676888897015
2024-07-19,1396.2810352694212,483.7230915799484
2024-07-22,1418.8329113378725,488.7102274157948
2024-07-23,1417.7191409699826,487.94359980670123
2024-07-24,1399.9004443191186,476.8855856859571
2024-07-25,1408.8098553074497,474.4008203814995
2024-07-26,1419.6684584339366,479.7140668315662
2024-07-29,1420.5036295526065,479.9959712176615
2024-07-30,1432.475627069589,477.5641319715957
2024-07-31,1424.958335046772,485.32665732826194
2024-08-01,1424.401512525726,478.4540513580066
2024-08-02,1373.1718353767312,469.54591690843387
2024-08-05,1309.9705366881483,455.8710154980496
2024-08-06,1365.0977208328682,460.07400128107
2024-08-07,1361.756911032391,456.9988537976275
2024-08-08,1365.254628732114,467.5634248651065
2024-08-09,1359.098249551079,469.62522321282285
2024-08-12,1352.9423716732365,469.87197233385496
2024-08-13,1354.0614057246476,477.599342425458
2024-08-14,1355.7403954420574,479.10599664245143
2024-08-15,1378.1262148280002,487.3179243906553
2024-08-16,1378.9658976754022,488.41055223637085
2024-08-19,1385.1217755532448,493.08046285466133
2024-08-20,1379.80520454541,492.2786247917054
2024-08-21,1385.6813552418494,493.9703822410723
2024-08-22,1384.5621958646402,490.0934242890734
2024-08-23,1390.4384718868778,495.30087381115567
2024-08-26,1380.644636741216,494.12021983078427
2024-08-27,1379.2453742052091,494.79865573882455
2024-08-28,1363.5757643405025,491.9261891202871
2024-08-29,1374.2091570077682,491.97039534841207
2024-08-30,1382.3237517844238,496.6665758351014
2024-09-03,1387.6398214890662,486.44572060877385
2024-09-04,1385.1217755532448,485.45000429437846
2024-09-05,1385.4016280604462,484.26929512520786
2024-09-06,1367.5445817153577,476.1190684544618
2024-09-09,1370.9192294813274,481.4496993762631
2024-09-10,1372.0439031936537,483.5467633666409
2024-09-11,1381.8863647489861,488.50746376769104
2024-09-12,1391.447845864934,492.62234063285683
2024-09-13,1404.6652058378324,495.1951872607695
2024-09-16,1409.445633081311,495.92649403840244
2024-09-17,1401.5711625338527,496.12914730890793
2024-09-18,1410.8512872330218,494.657758734576
2024-09-19,1417.3193516739807,503.0987751880817
2024-09-20,1414.4906230846204,502.2290549021623
2024-09-23,1409.1156502548617,503.48410338379773
2024-09-24,1407.7009726456863,504.9246966081999
2024-09-25,1406.0034347101548,503.81104183000537
2024-09-26,1421.8454928730744,505.80849003790433
2024-09-27,1420.9969118940057,505.07497570830515
2024-09-30,1418.451419608396,507.0989145397996
2024-10-01,1416.4702693917195,502.5561037259683
2024-10-02,1419.8657212401772,502.7681942811297
2024-10-03,1432.3130795094278,501.84908001996456
2024-10-04,1443.3463867984938,506.4094408719278
2024-10-07,1441.9315838635202,501.8313644154351
2024-10-08,1441.2208612623833,506.57743557656255
2024-10-09,1439.7996667117056,510.0862290493833
2024-10-10,1447.7592334760873,509.1935502230145
2024-10-11,1456.0029138248062,512.2427313764535
2024-10-14,1453.4440116787978,516.4320579316825
2024-10-15,1450.317383667307,512.4195562889533
2024-10-16,1473.343116578449,514.6466450901457
2024-10-17,1477.038473061807,514.690961695869
2024-10-18,1488.1246678376797,516.6706391104393
2024-10-21,1495.2311418942602,515.8222217009946
2024-10-22,1479.0283960843522,515.5483196907771
2024-10-23,1468.5104284771544,510.837458983512
2024-10-24,1471.0685786683741,511.9422283650422
2024-10-25,1469.0786556458293,511.7654034525423
2024-10-28,1479.0283960843522,513.3475559467828
2024-10-29,1459.4136554206345,514.178257751698
2024-10-30,1465.9519023085404,512.6228166362496
2024-10-31,1459.4136554206345,502.57381933049777
2024-11-01,1440.3680192061786,504.694890448509
2024-11-04,1419.901439092641,503.6078366715083
2024-11-05,1441.2208612623833,509.69736877052117
2024-11-06,1465.3834244882694,522.3712005529918
2024-11-07,1470.7843397582387,526.4102480081156
2024-11-08,1481.4954344203388,528.6905388116954
2024-11-11,1496.9184031143461,529.1943573592022
2024-11-12,1492.9198835253364,527.5505037875038
2024-11-13,1491.777288223879,527.806745381991
2024-11-14,1489.777965766475,524.4129101778149
2024-11-15,1489.777965766475,517.695936621183
2024-11-18,1503.7733482941005,519.8170629279934
2024-11-19,1518.9110754715873,521.7172684717773
2024-11-20,1516.0547752066407,521.8940381954781
2024-11-21,1518.9110754715873,524.6956975846967
2024-11-22,1541.4748574908601,526.3219459294639
2024-11-25,1556.8982021622617,528.1072483934023
2024-11-26,1560.0397439437288,530.8647567432952
2024-11-27,1570.8930833866948,529.2561688142583
2024-11-29,1584.3173562522886,532.5440415240524
2024-12-02,1580.8898209995125,533.4985318054775
2024-12-03,1582.3177831432886,533.7458880033003
2024-12-04,1580.8898209995125,537.0603065254891
2024-12-05,1584.6028484204053,536.1764579069854
2024-12-06,1586.1808255445308,537.1928148322658
2024-12-09,1584.7464717850505,534.4265314633069
2024-12-10,1582.451255118286,532.7650174758782
2024-12-11,1584.7464717850505,536.8835919905875
2024-12-12,1589.0496583892893,534.1172534328296
2024-12-13,1595.9348070863905,534.0112357496484
2024-12-16,1587.328183226317,536.29141617563
2024-12-17,1595.6478110086964,534.0817670349714
2024-12-18,1577.5743270102553,518.1643239596308
2024-12-19,1603.9674387910761,518.0051594628612
2024-12-20,1626.7539247536076,524.226979113454
2024-12-23,1627.9075487252996,527.3661731983185
2024-12-24,1644.0597882385655,533.2278859344102
2024-12-26,1662.5190250436192,533.2634275210675
2024-12-27,1670.018270151507,527.6498988147861
2024-12-30,1673.4795180439776,521.6285800715316
2024-12-31,1689.6317575572436,519.7309684013081
2025-01-02,1709.2447436597874,518.453899588809
2025-01-03,1726.2624831348683,524.9363759378216
2025-01-06,1695.9771280418431,527.9602806212465
2025-01-07,1683.2861364210478,521.9922190691788
2025-01-08,1685.314033160423,522.754873084733
2025-01-10,1671.9888930011416,514.7736897058057
2025-01-13,1680.099853329652,515.5718301192181
2025-01-14,1706.4602550771635,516.2812821323848
2025-01-15,1716.019229677149,525.6723737633829
2025-01-16,1751.938480698848,524.6614805292191
2025-01-17,1739.1930976816686,529.9290306535837
2025-01-21,1762.3667150345918,534.7797397779134
2025-01-22,1759.1801812915999,537.7860392344072
2025-01-23,1762.3667150345918,540.7213107063856
2025-01-24,1771.9259402861737,539.1428006728894
2025-01-27,1758.8906786979433,531.516370894945
2025-01-28,1777.1399947911466,536.0834095916064
2025-01-29,1755.9940235260021,533.680158143504
2025-01-30,1780.037025940482,536.5444568197662
2025-01-31,1794.8101803712384,533.6889883513692
2025-02-03,1789.0168700273562,530.0974116798125
2025-02-04,1789.3059966436185,533.6535571423102
2025-02-05,1770.1882980952437,535.8172340132709
2025-02-06,1770.767303282557,537.6795800408328
2025-02-07,1774.548758589223,532.7578981207869
2025-02-10,1761.7504880852373,536.375965415939
2025-02-11,1753.8974482492574,536.7839210193096
2025-02-12,1757.3871450979009,535.0546903753149
2025-02-13,1770.767428608355,540.7035399130569
2025-02-14,1787.9284154706866,540.6769941006623
2025-02-18,1806.8339374428447,542.2642791532245
2025-02-19,1835.3387889219828,543.5412375881253
2025-02-20,1824.8675678374839,541.2798213538571
2025-02-21,1811.1971551043828,532.0218451064264
2025-02-24,1762.0416199142694,529.6008780537946
2025-02-25,1746.9166759681907,526.9671029916124
2025-02-26,1732.9551314060575,527.2331681923495
2025-02-27,1714.3399893081428,518.8174282088579
2025-02-28,1768.4405045146661,526.9139561780239
2025-03-03,1760.2962075238559,517.6824153653895
2025-03-04,1716.6669134018316,511.5546926173598
2025-03-05,1689.3258372840332,517.0528215446034
2025-03-06,1656.1675135949117,507.8745379231558
2025-03-07,1713.1359843656066,510.7210106172902
2025-03-10,1684.2137979787299,497.11774426821205
2025-03-11,1628.9982591463354,492.98526217611504
2025-03-12,1628.9982591463354,495.60126644496864
2025-03-13,1598.3226395179656,488.9947256754505
2025-03-14,1643.6056075461797,499.0952141308161
2025-03-17,1670.1904677981236,502.9439154176464
2025-03-18,1683.6295291078957,497.50792907825394
2025-03-19,1700.573451687884,502.92614462431777
2025-03-20,1696.7561532029554,501.4719197665238
2025-03-21,1689.708582271491,501.63726540879895
2025-03-24,1722.3045691044492,510.62089813561886
2025-03-25,1733.75746716562,511.8482970288765
2025-03-26,1700.867591336071,505.7376828085856
2025-03-27,1687.652863204933,504.39460819229436
2025-03-28,1663.8662773734063,494.236999329801
2025-03-31,1660.929768597663,497.5547291799393
2025-04-01,1694.993947155594,498.9599463840816
2025-04-02,1687.652863204933,502.11762871666383
2025-04-03,1642.4295502566242,477.37284759371664
2025-04-04,1511.7513379508057,449.4260399380644
2025-04-07,1477.099882702886,448.6255264062882
2025-04-08,1450.5385837009883,441.5988333087858
2025-04-09,1562.3909812422528,487.9752781774175
2025-04-10,1519.3025932649132,466.59265388793017
2025-04-11,1529.337053942965,474.91799461840225
2025-04-14,1567.4082742441778,479.52532113844836
2025-04-15,1584.2305054741917,478.1822465221571
2025-04-16,1556.7837797085783,467.5532149372624
2025-04-17,1573.0158517552466,468.2202819526763
2025-04-21,1534.64961452526,457.07540066205866
2025-04-22,1565.3422784621741,468.9675382932657
2025-04-23,1583.345078710476,476.2344130447005
2025-04-24,1612.5624073519245,486.2585202020324
2025-04-25,1598.1014394842844,489.7720047227815
2025-04-28,1610.791553824493,489.95870843033055
2025-04-29,1600.1670592888936,493.0451420232007
2025-04-30,1580.6886730935303,493.2407863162132
2025-05-01,1553.242197979513,496.7363344772362
2025-05-02,1588.6570126637803,504.1099995550403
2025-05-05,1567.1131319896058,501.21926544398184
2025-05-06,1562.6861234968248,497.02993888875284
2025-05-07,1575.6720067205958,499.1202146568343
2025-05-08,1572.410026847136,502.5978816469304
2025-05-09,1570.037985466124,501.9575811991077
2025-05-12,1597.9101923163537,518.5458993170041
2025-05-13,1600.28260967476,521.9704194935117
2025-05-14,1576.5611932582553,522.6374865089256
2025-05-15,1600.8755260256644,525.1901892251458
2025-05-16,1639.4219817533472,528.5167492831492
2025-05-19,1661.3638971623498,529.0949071431207
2025-05-20,1682.7130215462462,527.3158962022862
2025-05-21,1641.7942737859553,518.4302787827696
2025-05-22,1636.7534195339838,518.6348636612456
2025-05-23,1646.8347520605323,515.094888516901
2025-05-27,1685.0850629272582,525.8039438605738
2025-05-28,1691.6083960451879,522.7619372510252
2025-05-29,1680.340729513638,524.8255568291138
2025-05-30,1686.5675417932164,524.2384031948795
2025-06-02,1664.0327100333093,527.1915558377849
2025-06-03,1674.114167885656,530.1978552942787
2025-06-04,1679.7476878369355,530.0555785700514
2025-06-05,1683.3060632229488,527.4938248907692
2025-06-06,1711.8971388511932,532.9107159056533
2025-06-09,1736.6167752497215,533.3909688359199
2025-06-10,1731.8513871020173,536.4152046521398
2025-06-11,1719.6406439396164,534.8853159507012
2025-06-12,1734.2339558500712,537.0110781166409
2025-06-13,1720.2363174580796,531.0073094115183
2025-06-16,1710.705791814267,536.0594024639729
2025-06-17,1724.703680857855,531.4787321339197
2025-06-18,1742.5733851085538,531.3985979975434
2025-06-20,1738.6812671221476,530.1506136822002
2025-06-23,1733.8916910954063,535.3871477014383
2025-06-24,1753.0508724829585,541.3016761183234
2025-06-25,1745.2675137907333,541.6050489472909
2025-06-26,1775.8018912446223,545.8424449465858
2025-06-27,1765.0250005385092,548.554422537174
2025-06-30,1769.2160205534308,551.1771598395247
2025-07-01,1774.6045285693865,550.9987344518494
2025-07-02,1800.94813665995,553.4965795017073
2025-07-03,1829.9863747358856,557.8588677534951
2025-07-07,1825.4957007376597,553.7017162681748
2025-07-08,1831.3576896189118,553.3984538168056
2025-07-09,1845.78745136282,556.7170114989312
2025-07-10,1870.7386898362736,558.2870776461564
2025-07-11,1892.9842696541205,556.3243983817264
2025-07-14,1911.0212838453087,557.3860101223156
2025-07-15,1908.9170636948786,555.0041719282863
2025-07-16,1935.9723969929641,556.8596745447528
2025-07-17,1948.5982191987373,560.2674725151157
2025-07-18,1935.9723969929641,559.8571437933814
2025-07-21,1928.1562029416314,560.9187555339706
2025-07-22,1933.266362359963,560.9990552367444
2025-07-23,1966.9361406312112,565.7717273990658
2025-07-24,1971.144956909466,565.9590381834055
2025-07-25,1978.960649657606,568.3498169628983
2025-07-28,1958.5187587262983,568.2070987282776
2025-07-29,1938.9785869124619,566.7083916983629
2025-07-30,1940.1812132712187,565.9946901476611
2025-07-31,1944.9907160998612,563.871577044081
2025-08-01,1923.6471060510821,554.6294951708076
2025-08-04,1929.6596112158757,563.0596946196785
2025-08-05,1913.7269425009154,560.2050539832688
2025-08-06,1928.4569848571189,564.4960383065455
2025-08-07,1909.8182815091575,564.023180675366
2025-08-08,1980.8994397545182,568.4211760802086
2025-08-11,1991.4635272554237,567.2972009965717
2025-08-12,2011.9880078876924,573.3366768547489
2025-08-13,2038.5485549348011,575.2993009303797
2025-08-14,2026.7774546722046,575.3527236879639
2025-08-15,1995.0851921694875,574.0056754781333
2025-08-18,1980.8994397545182,573.8807280368413
2025-08-19,1968.826304318453,570.7674174987816
2025-08-20,1973.655357971602,569.2508292979398
2025-08-21,1981.5030087982627,566.9671167888122
2025-08-22,1964.5999424284614,575.6739224990592
2025-08-25,1931.701419118842,573.1403151073474
2025-08-26,1950.7163505127587,575.5400896611028
2025-08-27,1953.7346970346741,576.8514859066778
2025-08-28,1986.6342229506783,578.8942993074841
2025-08-29,2000.8198500398496,575.4419087874021
2025-09-02,1985.728242756071,571.1777462205158
2025-09-03,1981.2014749279865,574.2733411540461
2025-09-04,2009.8745136282014,579.0726695063603
2025-09-05,2007.7617713234993,577.3955370887702
2025-09-08,1998.8241620305912,578.8139996047103
2025-09-09,1998.217961145086,580.1522176066757
2025-09-10,2021.2451979658056,581.8292948354666
2025-09-11,2035.1823039973056,586.664440718434
2025-09-12,2029.4260900896668,586.4681341598316
2025-09-15,1974.5843981130633,589.5904956609531
2025-09-16,1971.8576847233726,588.7786132365505
2025-09-17,1993.3696073190265,588.0471960813193
2025-09-18,2003.671638576064,590.7947704473638
2025-09-19,2002.1498074094961,593.7209357674814
2025-09-22,1956.4941204576742,596.5298248893896
2025-09-23,1956.4941204576742,593.2826263245743
2025-09-24,1913.5780554527491,591.3950038269983
2025-09-25,1939.449561261796,588.6666351630605
2025-09-26,1940.3628103526942,592.0391123019627
2025-09-29,1928.1876597169596,593.7030545965544
2025-09-30,1935.4926498377617,595.9394151160051
2025-10-01,1912.6648063618509,597.970142169796
2025-10-02,1947.0585917688365,598.6588431944795
2025-10-03,1916.317176096454,598.6500129866143
2025-10-06,1902.0118628700782,600.796857273832
2025-10-07,1880.0972684850656,598.5694373398447
2025-10-08,1850.603596458763,602.1387177365418
2025-10-09,1744.5493969675074,600.3943101727789
2025-10-10,1684.0338301326299,584.1669819901701
2025-10-13,1728.9620008263669,593.1304708052977
2025-10-14,1784.2813094196044,592.4058970611619
2025-10-15,1776.6405714856394,595.0359192850016
2025-10-16,1748.5223500937007,590.9835161404817
2025-10-17,1776.9462411072534,594.3381672972562
2025-10-20,1771.1393955771744,600.5195887468659
2025-10-21,1771.444814547192,600.5105929726033
2025-10-22,1760.1364171312532,597.3886177930758
2025-10-23,1761.0534259960953,600.9310764333825
2025-10-24,1755.8575437318498,605.8422172927893
2025-10-27,1779.6971423759812,612.9898290492453
2025-10-28,1787.94884357578,614.6178434355855
2025-10-29,1764.109746234841,614.9131035110769
2025-10-30,1722.2377704540515,608.1502128735463
2025-10-31,1739.6589336732795,610.1450672078848
2025-11-03,1746.9941273114287,611.2900692240006
2025-11-04,1747.2999222588408,604.0441110274464
2025-11-05,1748.5223500937007,606.1374221794815
2025-11-06,1746.6884576898146,599.6339740867892
2025-11-07,1802.1026379122288,600.2243286713745
2025-11-10,1802.1026379122288,609.5904197763543
2025-11-11,1818.0667634025172,610.9859789406441
2025-11-12,1815.610753736765,611.3259419434529
2025-11-13,1808.2424740879121,601.1815783927573
2025-11-14,1793.5065414191972,601.0830663862615
2025-11-17,1753.5961650305776,595.4831693133721
2025-11-18,1750.832981833634,590.4825674105311
2025-11-19,1730.877856302223,592.7637412348977
2025-11-20,1704.1686728585444,583.7286725472632
2025-11-21,1705.704039211309,589.5433092376736
2025-11-24,1731.1850298334145,598.2205337515725
2025-11-25,1755.131155405948,603.8474181472499
2025-11-26,1771.095155570438,608.016048902795
2025-11-28,1781.840840152819,611.3348273401172
2025-12-01,1778.1563870138975,608.5438193891359
2025-12-02,1782.4545605862115,609.6709402343247
2025-12-03,1822.0577634436397,611.7821325572868
2025-12-04,1841.3987925642637,612.2293825856573
2025-12-05,1864.4241494980115,613.3923209614993
2025-12-08,1908.6645322116674,611.549511768839
2025-12-09,1929.6284050921438,611.021741282498
2025-12-10,1940.4189563102518,615.0741444270178
2025-12-11,1920.379987819899,616.5054107443624
2025-12-12,1912.9807526989107,609.8767392663822
2025-12-15,1873.5186666901652,608.9553070756525
2025-12-16,1865.5028286424279,607.29141996986
2025-12-17,1866.119682220773,600.6090497902998
2025-12-18,1859.33730067813,605.144465305044
2025-12-19,1855.3292563284633,610.6291281652932
2025-12-22,1840.147038492644,614.4332920912036
2025-12-23,1826.8237782203346,617.2414637587228
2025-12-24,1853.1604933920014,619.4127566839672
2025-12-26,1882.9048170145436,619.3499518305263
2025-12-29,1851.3015358284918,617.1427861858297
2025-12-30,1864.6245454492048,616.3891831333372
2025-12-31,1871.1310849101865,611.8223651918724
2026-01-02,1913.2695033377786,612.9438567795473
2026-01-05,1934.6485805874256,617.0261170644112
2026-01-06,1930.6204841100596,620.6957306979762
2026-01-07,1882.285456920236,618.6949711621278
2026-01-08,1935.496033634311,618.6321663086868
2026-01-09,1904.067581936636,622.7234223678133
2026-01-12,1888.508634751669,623.7013678888801
2026-01-13,1888.508634751669,622.4542665943234
2026-01-14,1937.6741960056318,619.3948203242411
2026-01-15,1997.7305691161985,621.0815555928847
2026-01-16,1990.2624048062444,620.5611252168317
2026-01-20,1964.435139003934,607.9284642785324
2026-01-21,1990.884772719707,614.9446715041948
2026-01-22,1996.7971425718029,618.1566596151478
2026-01-23,1993.063185742624,618.3808917061237
2026-01-26,1984.972528193409,621.5211343781723
2026-01-27,2010.1774260822567,623.9974006075597
2026-01-28,1999.9087314875194,623.9345957541187
2026-01-29,2009.5550581687942,622.6964902338246
2026-01-30,1985.2835868243421,620.8392767645843
2026-02-02,1973.4589724459483,623.9257103574544
2026-02-03,1932.0731354360653,618.650102668413
2026-02-04,1909.979826462934,615.6534612517717
2026-02-05,1863.9263554278798,607.9643921867837
2026-02-06,1884.865789777723,619.6280481894797
2026-02-09,1900.4922875678767,622.6158042094567
2026-02-10,1939.5583440545638,620.9738270569296
2026-02-11,1924.8695338859418,620.8303361791208
2026-02-12,1902.992537240365,611.2392403399768
2026-02-13,1857.6757312466589,611.6698233510018
2026-02-17,1849.5501077997685,612.6567646463312
2026-02-18,1875.8024787093009,615.7431430504022
2026-02-19,1808.9211132847304,614.1191574464004
2026-02-20,1810.7964885277938,618.5604208697823
2026-02-23,1774.5428682767115,612.2440628062332
2026-02-24,1803.2954888587324,616.6941564374803
2026-02-25,1842.674233211728,621.8980186876173
2026-02-26,1815.484174680664,618.4436965595647
2026-02-27,1775.1679933577327,615.4739872769122
2026-03-02,1800.7951138604458,615.8239394523684
2026-03-03,1787.6691163943767,610.3958451112554
2026-03-04,1840.4865460797503,614.7023926758944
2026-03-05,1822.0473614023956,611.275113059429
2026-03-06,1801.0139327039628,603.2630239529736
2026-03-09,1783.747922822807,608.5476274162777
2026-03-10,1782.4920329998492,607.5696267064118
2026-03-11,1779.0389312842565,606.8070278796566
2026-03-12,1715.9391464921505,597.5927059723593
2026-03-13,1723.159416373424,594.2102396608096
2026-03-16,1728.810231284844,600.2574419508688
2026-03-17,1750.1573504559706,601.8364486835575
2026-03-18,1731.007568503277,593.4385898709927
2026-03-19,1748.273703710231,591.9761970709235
2026-03-20,1736.2797741785776,583.4897602357114
2026-03-23,1736.9109148979085,589.6163792077579
2026-03-24,1731.2297711433434,587.6371433035808
2026-03-25,1719.2358416116897,590.9118810791756
2026-03-26,1670.3130364286847,580.3589548483187
2026-03-27,1626.4406102583082,570.4627201386343
2026-03-30,1630.2282065290824,568.5554504285583
2026-03-31,1671.575693844741,585.0821226577959
2026-04-01,1638.43466511576,589.490438368081
2026-04-02,1661.159992088809,590.0212442383756
2026-04-06,1710.7138126653467,592.8102102037881
2026-04-07,1704.085707180189,593.0710324686054
2026-04-08,1724.7007983644983,608.1763171755476
2026-04-09,1694.8879215303846,611.6848898931718
2026-04-10,1683.4704906700817,611.2801352401524
2026-04-13,1711.3801699339494,617.2538260497341
2026-04-14,1788.4492694876722,624.7749555988864
2026-04-15,1834.1201208610667,629.7050814052034
2026-04-16,1695.5224460462648,631.2524649559749
2026-04-17,1738.6558259851292,638.881598985078
2026-04-20,1743.095993686713,637.6039782845872
2026-04-21,1714.234464986126,633.429663082729
2026-04-22,1733.2640594984227,639.844202019979
2026-04-23,1713.2831168525993,637.3611475682952
2026-04-24,1714.5517899069653,642.3002691488749
2026-04-27,1710.7457707438673,643.4068045719781
2026-04-28,1733.2640594984227,640.2759991845855
2026-04-29,1704.7198557186748,640.1770456676965
2026-04-30,1771.0057982763785,646.5466057336333
2026-05-01,1782.4233544624797,648.336930378295
2026-05-04,1768.4683268418487,645.9618252177629
2026-05-05,1819.2136197811108,651.1438878922328
2026-05-06,1818.262271647584,660.1944094436313
2026-05-07,1795.1095837029466,658.1701946681411
2026-05-08,1720.8710926255558,663.6040838331656
2026-05-11,1666.38682982519,665.1154842868865
2026-05-12,1686.1413087538112,664.1079023806724
2026-05-13,1625.28473042225,667.8234882839354
2026-05-14,1615.088724790422,673.0954535122324
2026-05-15,1607.4419712181473,664.9985944102715
2026-05-18,1624.6475740646094,664.5307589598153
2026-05-19,1609.9909726261042,660.104451701005
2026-05-20,1631.9758747838619,666.8698258344978
2026-05-21,1625.6034339268685,668.1923150287033
2026-05-22,1581.3150514325325,670.8193570573884
2026-05-26,1630.7013114169845,675.2726516389866
2026-05-27,1628.789591692466,675.1557065735724
2026-05-28,1634.2061726872005,678.8802330622989
2026-05-29,1631.6571712792436,680.5716041900716
2026-06-01,1644.4020529932304,682.4248992545718
2026-06-02,1643.127614952151,683.3515743812214
2026-06-03,1615.7260064738607,678.556385188844
2026-06-04,1657.4652622344415,681.1204016088915
2026-06-05,1650.7743685244259,663.5411134133273
2026-06-08,1645.0102590915055,665.0435180927855
2026-06-09,1644.6900516773096,663.0912695113963
2026-06-10,1650.454286436028,652.6372967974285
2026-06-11,1656.8589360231383,663.7300798616417
2026-06-12,1665.8251195980174,667.3196697364286
2026-06-15,1642.4485997779384,679.0871910591386
2026-06-16,1647.8923764708647,675.0387615081581
2026-06-17,1620.6732423546368,666.6089483808813
2026-06-18,1632.2012105688812,673.5396681566492
2026-06-22,1621.8932889993323,671.4200871362152
2026-06-23,1611.2631548028176,661.6697164227035
2026-06-24,1604.1764822223397,661.3630322657865
2026-06-25,1616.7391402258606,662.319123022387
2026-06-26,1643.1534320665637,657.5296734651218
2026-06-29,1660.8702388435563,668.3623517189069
2026-06-30,1671.1784110647013,673.5667658570355
2026-07-01,1675.6880092584433,672.6557643493464
2026-07-02,1673.755234799841,671.7718605420437
2026-07-06,1684.3852436705577,677.6346770541185
2026-07-07,1688.2507925877624,674.4146313784886
2026-07-08,1652.79900679305,672.3310886439043
2026-07-09,1672.8720639004914,678.0225439345958
2026-07-10,1710.7521623595715,680.9449012275713
2026-07-13,1700.0680127440671,675.7314913151802
2026-07-14,1718.8462037053355,678.1307691697432
2026-07-15,1729.2065114584987,680.8186292550995
2026-07-16,1798.1676585028658,677.129533975432
2026-07-17,1792.6637254268421,670.4278477161668
2026-07-20,1767.410201128324,669.3455401758936
2026-07-21,1754.4597851054205,674.9287702314376
2026-07-22,1736.652994405378,674.1439855074213
2026-07-23,1719.8174786407633,665.8188103433467
2026-07-24,1731.1491866551523,666.4952594546174
2026-07-27,1741.8332109448586,666.6396333532128
2026-07-28,1791.0447667667315,668.236079746435
2026-07-29,1758.6686013836752,657.953633820248
2026-07-30,1762.5538264511847,668.9847158070033
2026-07-31,1761.5825515157567,673.8013182534538
2026-08-03,1804.9665830508607,683.3982641053085
2026-08-04,1850.2931644568205,695.7192187059675
2026-08-05,1816.622132927591,694.3301718199783
2026-08-06,1838.637739905888,693.2207665793189
2026-08-07,1917.192451470522,697.4600389977852
2026-08-10,1903.5308115432892,697.252584301753
2026-08-11,1920.1200621145988,695.0247228573725
2026-08-12,1903.2054657713704,696.7654879603909
2026-08-13,1926.6255989691954,701.6271796557529
2026-08-14,1912.6386132700438,700.2381327697638
2026-08-17,1891.4956498240542,696.9278534075116
2026-08-18,1880.4360241173833,692.219586573807
2026-08-19,1892.1460907162957,693.6717142572329
2026-08-20,1899.6274142350524,687.844991219807
2026-08-21,1896.0493626987345,690.6591232776352
2026-08-24,1916.5418852524824,688.629665566225
2026-08-25,1904.1813777613288,690.8304844990186
2026-08-26,1900.6032008992127,690.9838541718766
2026-08-27,1905.8078559693265,695.5117640099354
2026-08-28,1904.5065982074495,693.9333091652384
2026-08-31,1916.5418852524824,691.8587622049167
2026-09-01,1885.640428535901,687.1054061223005
2026-09-02,1882.3877227715018,690.1540353877479
2026-09-03,1888.8932596260984,697.3788562742249
2026-09-04,1876.2074063630257,694.6909961888684
2026-09-08,1851.5355190935811,690.8756289367292
2026-09-09,1840.7518607943698,687.6646342241611
2026-09-10,1823.432462123215,683.5425828151048
2026-09-11,1837.1572662526999,689.3693058525307
2026-09-14,1842.0588835429603,686.2935788866971
2026-09-15,1847.6142001962132,683.1457201603648
2026-09-16,1837.8108402898943,680.1331291807671
2026-09-17,1863.6263254671812,687.844991219807
2026-09-18,1836.1768425340092,688.7302195582895
2026-09-21,1848.9896508305771,699.4089762512249
2026-09-22,1839.7907372485895,699.3004750720818
2026-09-23,1809.5656638644602,694.2640004497887
2026-09-24,1799.0524586375911,693.6943416648874
2026-09-25,1810.2226216982037,697.464895612111
2026-09-28,1809.2370596217902,692.2747201841651
2026-09-29,1837.8194877699646,690.999803734833
2026-09-30,1808.5799764622486,689.5801822541106
2026-10-01,1828.620574187977,690.8098990769329
2026-10-02,1810.5512259408736,695.9187262149211
2026-10-05,1806.6088523094215,700.611595373661
2026-10-06,1799.381062880261,704.4635527996415
2026-10-07,1779.9975483140743,702.772623182262
